stop_id,stop_code,stop_name,stop_desc,stop_lat,stop_lon,location_type,parent_station,wheelchair_boarding
10585,CH,Chemin Village,,14.664772,-60.984924,1,,0
20667,1578,Chemin Village,,14.664772,-60.984924,0,10585,0
10956,TTYOP,TERMINUS TEMPORAIRE YOPLAIT,,14.674807,-60.981503,1,,0
21533,TTYOPLAIT,TERMINUIS TEMPORAIRE YOPLAIT,,14.674807,-60.981503,0,10956,0
10730,YOPLAIT,Usine Yoplait,,14.675890,-60.982060,1,,0
21415,2685,Usine Yoplait,,14.675890,-60.982060,0,10730,0
11135,25-37,Saint Maurice,,14.668033,-60.994050,1,,0
20577,25-128,Saint Maurice,,14.668033,-60.994050,0,11135,0
11136,25-38,La désirade,,14.663513,-60.994427,1,,0
20575,1459,La désirade,,14.663560,-60.994445,0,11136,0
10505,GDCHAMP,Grand Champ 2,,14.655072,-60.989995,1,,0
21307,25-40,Grand Champ 2,,14.655042,-60.990090,0,10505,0
11139,25-41,Grand champ 1,,14.653890,-60.989280,1,,0
21308,25-41,Grand champ 1,,14.653890,-60.989280,0,11139,0
11079,25-42,Giratoire Durocher 1,,14.649662,-60.988930,1,,0
20580,25-133,Giratoire Durocher 1,,14.649594,-60.988867,0,11079,0
10488,DUROCH,Durocher,,14.648504,-60.988759,1,,0
21303,25-43,Durocher,,14.648523,-60.988806,0,10488,0
10489,SOUDON,Soudon 1,,14.646514,-60.989280,1,,0
21410,25-44,Soudon 1,,14.646553,-60.989291,0,10489,0
10490,LGBOIS,Long Bois n° 2,,14.639330,-60.991907,1,,0
21306,25-46,Long Bois n° 2,,14.639300,-60.991940,0,10490,0
10491,GDCAS1,Grand Case,,14.633402,-60.991398,1,,0
21298,25-47,Grand Case,,14.633400,-60.991480,0,10491,0
10782,CHMVU,Hôpital Mangot Vulcin,,14.631600,-60.989840,1,,0
21489,2786,Hôpital Mangot Vulcin,,14.631801,-60.990280,0,10782,0
10493,MAVU,Giratoire Bois carré 3,,14.623783,-60.989257,1,,0
21409,25-50,Giratoire Bois carré 3,,14.623766,-60.989297,0,10493,0
10882,CCBETER,Ctre Comm Beterbat,,14.621477,-60.988427,1,,0
21395,2651,Ctre Comm Beterbat,,14.621500,-60.988400,0,10882,0
10494,CGSS,Cgss,,14.619879,-60.988968,1,,0
21294,2534,Cgss,,14.619854,-60.988994,0,10494,0
10495,CGEDGLI,College Edouard Glissant,,14.617653,-60.988625,1,,0
21293,2533,College Edouard Glissant,,14.617673,-60.988564,0,10495,0
10496,SUCRIE,Les Sucriers,,14.615714,-60.991101,1,,0
21292,2532,Les Sucriers,,14.615788,-60.991142,0,10496,0
10497,CCPLARM,Ctre Comm Place D'armes,,14.614641,-60.993697,1,,0
21407,2674,Ctre Comm Place D'armes,,14.614689,-60.993840,0,10497,0
10498,BARRIER,Les Barrieres,,14.617493,-60.999690,1,,0
20572,1452,Les Barrieres,,14.617493,-60.999690,0,10498,0
10499,HOPILAM,Hopital,,14.615910,-60.999823,1,,0
20573,1453,Hopital,,14.615910,-60.999823,0,10499,0
10500,PEMA,Gare Petit Manoir,,14.617113,-60.995946,1,,0
20574,1454,Gare Petit Manoir,,14.617091,-60.995978,0,10500,0
20571,1451,Ctre Comm Place D'armes,,14.614593,-60.993555,0,10497,0
20570,1450,Les Sucriers,,14.615639,-60.991061,0,10496,0
20569,1449,College Edouard Glissant,,14.617632,-60.988686,0,10495,0
20568,1448,Cgss,,14.619903,-60.988941,0,10494,0
10090,CAF,Ctre Comm Beterbat,,14.621424,-60.988620,1,,0
20567,1447,Ctre Comm Beterbat,,14.621424,-60.988620,0,10090,0
20566,25-140,Giratoire Bois carré 3,,14.623800,-60.989217,0,10493,0
20884,1984,Hôpital Mangot Vulcin,,14.631400,-60.989400,0,10782,0
20564,25-137,Grand Case,,14.633405,-60.991315,0,10491,0
20563,25-136,Long Bois n° 2,,14.639359,-60.991875,0,10490,0
20562,25-135,Soudon 1,,14.646474,-60.989268,0,10489,0
20561,25-134,Durocher,,14.648485,-60.988712,0,10488,0
11077,23-A-06,Daubert,,14.658702,-60.986154,1,,0
20560,23-R-50,Daubert,,14.658628,-60.986154,0,11077,0
10583,CRBECOU,Croisée Becouya,,14.670744,-60.982612,1,,0
21499,2809,Croisée Becouya,,14.670744,-60.982612,0,10583,0
10582,CRMANZ,Croisée Manzelle,,14.669607,-60.983027,1,,0
21498,2808,Croisée Manzelle,,14.668521,-60.983456,0,10582,0
10731,CHDAUBE,Chemin Daubert,,14.667700,-60.983910,1,,0
21416,2686,Chemin Daubert,,14.667700,-60.983910,0,10731,0
10334,FOCA,Fd Cacao Pv,,14.675959,-61.060663,1,,0
20401,1275,Fd Cacao Pv,,14.675959,-61.060663,0,10334,0
10332,BOUGA18,Bougainvillier,,14.677420,-61.062566,1,,0
21003,2153,Bougainvillier,,14.677576,-61.062781,0,10332,0
10331,ALPIN18,Alpinia,,14.678492,-61.063486,1,,0
21004,2154,Alpinia,,14.678737,-61.063665,0,10331,0
10330,VANILLE,Vanille,,14.679438,-61.064977,1,,0
21005,2155,Vanille,,14.679360,-61.064806,0,10330,0
10329,BANAN18,Les Bananiers,,14.680528,-61.066609,1,,0
21006,2156,Les Bananiers,,14.680383,-61.066723,0,10329,0
10328,LASOUR,La Source,,14.676700,-61.066370,1,,0
21007,2157,La Source,,14.676758,-61.066491,0,10328,0
10327,IXORA,Ixora,,14.675165,-61.065264,1,,0
21008,2158,Ixora,,14.675059,-61.065307,0,10327,0
10326,CROTON,Croton,,14.673637,-61.065357,1,,0
21009,2159,Croton,,14.673520,-61.065248,0,10326,0
10325,CORDELI,Cordéline,,14.671865,-61.064308,1,,0
21010,2160,Cordéline,,14.671748,-61.064291,0,10325,0
10324,MANDA18,Les Mandariniers,,14.670454,-61.063520,1,,0
21011,2161,Les Mandariniers,,14.670358,-61.063539,0,10324,0
10323,ALAMA18,Alamanda,,14.668686,-61.064080,1,,0
21012,2162,Alamanda,,14.668535,-61.064131,0,10323,0
10322,CAT,Cat,,14.667212,-61.062875,1,,0
21013,2163,Cat,,14.666438,-61.062697,0,10322,0
10321,FOYENF,Foyer De L'enfance,,14.664884,-61.063458,1,,0
21014,2164,Foyer De L'enfance,,14.664899,-61.063411,0,10321,0
10320,MAHOGA,Mahogany,,14.666947,-61.057824,1,,0
21015,2165,Mahogany,,14.662413,-61.063455,0,10320,0
10823,ECRIVL6,Ecole Riviere L'or PV6,,14.661377,-61.062867,1,,0
21016,2166,Ecole Riviere L'or PV6,,14.661377,-61.062867,0,10823,0
10318,DERAIN,Derainville,,14.660120,-61.062671,1,,0
21017,2167,Derainville,,14.659932,-61.062575,0,10318,0
10317,RIBODEA,Ribodeau,,14.659035,-61.061763,1,,0
21018,2168,Ribodeau,,14.658978,-61.061688,0,10317,0
10316,VOLTIGE,Voltigeur,,14.656861,-61.060181,1,,0
21019,2169,Voltigeur,,14.656652,-61.060121,0,10316,0
10315,CAFETIE,La Cafetière,,14.655824,-61.059273,1,,0
21020,2170,La Cafetière,,14.655741,-61.059173,0,10315,0
10314,VALHEUR,Vallée Heureuse,,14.653916,-61.057851,1,,0
21021,2171,Vallée Heureuse,,14.653978,-61.057828,0,10314,0
10313,RAVVIL4,Ravine Vilaine 4Pv,,14.651006,-61.058959,1,,0
21022,2172,Ravine Vilaine 4Pv,,14.651041,-61.059014,0,10313,0
10312,RAVVIL3,Ravine Vilaine 3Pv,,14.650486,-61.059534,1,,0
21023,2173,Ravine Vilaine 3Pv,,14.650552,-61.059259,0,10312,0
10311,HAMEA18,Les Hameaux,,14.648583,-61.060435,1,,0
21024,2174,Les Hameaux,,14.648637,-61.060503,0,10311,0
10310,RAVVIL2,Ravine Vilaine 2Pv,,14.646910,-61.059455,1,,0
21025,2175,Ravine Vilaine 2Pv,,14.646812,-61.059468,0,10310,0
10309,GIBH,Giratoire Bel Horizon,,14.644122,-61.059198,1,,0
21026,2176,Giratoire Bel Horizon,,14.643951,-61.059186,0,10309,0
10308,TIRDAIL,Tire D'aile,,14.640602,-61.059325,1,,0
21027,2177,Tire D'aile,,14.640065,-61.059407,0,10308,0
10824,GRENAD,Grenade,,14.637887,-61.059512,1,,0
21028,2178,Grenade,,14.637887,-61.059512,0,10824,0
10307,DESBROS,Desbrosses,,14.635694,-61.059634,1,,0
21029,2179,Desbrosses,,14.635735,-61.059656,0,10307,0
10306,RAVVIL1,Ravine Vilaine 1Pv,,14.633385,-61.059689,1,,0
21030,2180,Ravine Vilaine 1Pv,,14.633439,-61.059702,0,10306,0
10305,BEPO,La Charmeuse,,14.631560,-61.059821,1,,0
21031,2181,La Charmeuse,,14.631707,-61.059801,0,10305,0
10233,BOCHAR,Bocharel Pv,,14.630135,-61.059863,1,,0
20939,2083,Bocharel Pv,,14.630387,-61.059874,0,10233,0
10232,PCANAR,Patte De Canard,,14.626156,-61.060070,1,,0
20940,2084,Patte De Canard,,14.626032,-61.060180,0,10232,0
10231,ETOIL,Etoile,,14.624187,-61.060927,1,,0
20941,2085,Etoile,,14.624060,-61.061045,0,10231,0
10230,CRCD,Croisée Coridon,,14.622446,-61.060532,1,,0
20942,2086,Croisée Coridon,,14.622602,-61.060609,0,10230,0
10229,REDOU2,Redoute 2Pv,,14.619509,-61.060665,1,,0
20943,2087,Redoute 2Pv,,14.619694,-61.060656,0,10229,0
10811,DESAIX2,Fort Desaix Pv2,,14.617952,-61.061438,1,,0
20944,2088,Fort Desaix Pv2,,14.617952,-61.061438,0,10811,0
10227,REDOU,Redoute Pv,,14.616644,-61.061724,1,,0
20945,2089,Redoute Pv,,14.616714,-61.061774,0,10227,0
10226,MATER,Redoute Maternité Pv,,14.614342,-61.062827,1,,0
20946,2090,Redoute Maternité Pv,,14.614748,-61.062602,0,10226,0
10812,CLARAC,Clarac,,14.613660,-61.065456,1,,0
20947,2091,Clarac,,14.613660,-61.065456,0,10812,0
10813,CASSIN,R Cassin,,14.612161,-61.066713,1,,0
20948,2092,R Cassin,,14.612161,-61.066713,0,10813,0
10814,JOVIGNA,A Jovignac,,14.611087,-61.068321,1,,0
20949,2093,A Jovignac,,14.611087,-61.068321,0,10814,0
10815,GOUSSAR,Y Goussard,,14.608102,-61.068795,1,,0
20950,2094,Y Goussard,,14.608102,-61.068795,0,10815,0
10139,NARD,Nardal,,14.606835,-61.067716,1,,0
20193,2744,Nardal,,14.606600,-61.067500,0,10139,0
20192,1087,Nardal,,14.607071,-61.067932,0,10139,0
10223,CALVAI,Calvaire Pv,,14.609091,-61.063573,1,,0
20290,1153,Calvaire Pv,,14.609091,-61.063573,0,10223,0
10224,GERBO,Gerbault Pv,,14.610771,-61.063614,1,,0
20291,1154,Gerbault Pv,,14.610771,-61.063614,0,10224,0
10225,LAFOLIE,La Folie Pv,,14.613135,-61.063814,1,,0
20292,1155,La Folie Pv,,14.613135,-61.063814,0,10225,0
20293,1156,Redoute Maternité Pv,,14.613936,-61.063052,0,10226,0
20294,1157,Redoute Pv,,14.616574,-61.061675,0,10227,0
10228,DESAIX,Fort Desaix Pv1,,14.617886,-61.061398,1,,0
20295,1158,Fort Desaix Pv1,,14.617886,-61.061398,0,10228,0
20296,1159,Redoute 2Pv,,14.619325,-61.060674,0,10229,0
20297,1160,Croisée Coridon,,14.622290,-61.060455,0,10230,0
20298,1161,Etoile,,14.624315,-61.060809,0,10231,0
20299,1162,Patte De Canard,,14.626280,-61.059960,0,10232,0
20300,1163,Bocharel Pv,,14.629883,-61.059853,0,10233,0
20372,1246,La Charmeuse,,14.631413,-61.059840,0,10305,0
20373,1247,Ravine Vilaine 1Pv,,14.633330,-61.059675,0,10306,0
20374,1248,Desbrosses,,14.635652,-61.059612,0,10307,0
20375,1249,Tire D'aile,,14.641140,-61.059244,0,10308,0
20376,1250,Giratoire Bel Horizon,,14.644292,-61.059210,0,10309,0
20377,1251,Ravine Vilaine 2Pv,,14.647008,-61.059442,0,10310,0
20378,1252,Les Hameaux,,14.648529,-61.060367,0,10311,0
20379,1253,Ravine Vilaine 3Pv,,14.650421,-61.059809,0,10312,0
20380,1254,Ravine Vilaine 4Pv,,14.650972,-61.058904,0,10313,0
20381,1255,Vallée Heureuse,,14.653853,-61.057874,0,10314,0
20382,1256,La Cafetière,,14.655906,-61.059373,0,10315,0
20383,1257,Voltigeur,,14.657070,-61.060241,0,10316,0
20384,1258,Ribodeau,,14.659091,-61.061838,0,10317,0
20385,1259,Derainville,,14.660308,-61.062767,0,10318,0
10319,ECRIVL5,Ecole Riviere L'or PV5,,14.661481,-61.062833,1,,0
20386,1260,Ecole Riviere L'or PV5,,14.661481,-61.062833,0,10319,0
20387,1261,Mahogany,,14.662641,-61.063721,0,10320,0
20388,1262,Foyer De L'enfance,,14.664869,-61.063506,0,10321,0
20389,1263,Cat,,14.667986,-61.063053,0,10322,0
20390,1264,Alamanda,,14.668836,-61.064029,0,10323,0
20391,1265,Les Mandariniers,,14.670549,-61.063502,0,10324,0
20392,1266,Cordéline,,14.671982,-61.064325,0,10325,0
20393,1267,Croton,,14.673755,-61.065467,0,10326,0
20394,1268,Ixora,,14.675272,-61.065220,0,10327,0
20395,1269,La Source,,14.676643,-61.066248,0,10328,0
20396,1270,Les Bananiers,,14.680672,-61.066495,0,10329,0
20397,1271,Vanille,,14.679517,-61.065149,0,10330,0
20398,1272,Alpinia,,14.678247,-61.063307,0,10331,0
20399,1273,Bougainvillier,,14.677264,-61.062351,0,10332,0
10333,CALVAIR,Calvaire,,14.676827,-61.060462,1,,0
20400,1274,Calvaire,,14.676827,-61.060462,0,10333,0
10381,BOTH,Bois Thibault Pv,,14.648367,-61.084917,1,,0
20449,1323,Bois Thibault Pv,,14.648367,-61.084917,0,10381,0
10380,BOTH4,Bois Thibault 4Pv,,14.647492,-61.084529,1,,0
21064,2214,Bois Thibault 4Pv,,14.647402,-61.084506,0,10380,0
10379,BOTH3,Bois Thibault 3Pv,,14.646123,-61.085028,1,,0
21065,2215,Bois Thibault 3Pv,,14.646018,-61.085062,0,10379,0
10378,BOTH2,Bois Thibault 2Pv,,14.644599,-61.084761,1,,0
21405,2671,Bois Thibault 2Pv,,14.644723,-61.084818,0,10378,0
10377,BOTH1,Bois Thibault 1Pv,,14.643223,-61.084547,1,,0
21067,2217,Bois Thibault 1Pv,,14.643350,-61.084568,0,10377,0
10458,ABEIL,L'abeille Pv,,14.639997,-61.083045,1,,0
21132,2285,L'abeille Pv,,14.639748,-61.082978,0,10458,0
10829,MOVE,Croisee Morne Venté Pv,,14.638406,-61.082172,1,,0
21068,2218,Croisee Morne Venté Pv,,14.638406,-61.082172,0,10829,0
10375,DESROC6,Desrocher 6Pv,,14.636499,-61.081256,1,,0
21069,2219,Desrocher 6Pv,,14.636630,-61.081294,0,10375,0
10373,DESROC5,Desrocher 5Pv,,14.633485,-61.079760,1,,0
21070,2220,Desrocher 5Pv,,14.634988,-61.080633,0,10373,0
10374,REMPA,Les Remparts Pv,,14.633323,-61.079756,1,,0
21071,2221,Les Remparts Pv,,14.633382,-61.079832,0,10374,0
10372,DESROC4,Desrocher 4Pv,,14.631753,-61.078970,1,,0
21072,2222,Desrocher 4Pv,,14.632395,-61.079077,0,10372,0
10371,DESROC3,Desrocher 3Pv,,14.630228,-61.078948,1,,0
21073,2223,Desrocher 3Pv,,14.630695,-61.079008,0,10371,0
10370,DESROC2,Desrocher 2Pv,,14.628458,-61.078097,1,,0
21074,2224,Desrocher 2Pv,,14.628324,-61.078036,0,10370,0
10369,DESROC1,Desrocher 1Pv,,14.627741,-61.077255,1,,0
21075,2225,Desrocher 1Pv,,14.627767,-61.077175,0,10369,0
10368,CASTDE,Castel Desrocher,,14.627508,-61.075671,1,,0
21076,2226,Castel Desrocher,,14.627550,-61.075719,0,10368,0
10367,ATHANA,Athanase Pv,,14.627472,-61.074639,1,,0
21077,2227,Athanase Pv,,14.627456,-61.074954,0,10367,0
10342,CRRO,Croisée Desrochers,,14.624844,-61.072465,1,,0
21046,2196,Croisée Desrochers,,14.624923,-61.072481,0,10342,0
10341,LACARRI,La Carrière,,14.621296,-61.071456,1,,0
21047,2197,La Carrière,,14.621608,-61.071735,0,10341,0
10340,DETBOU,Detour Bourdin,,14.621051,-61.069676,1,,0
21048,2198,Detour Bourdin,,14.621119,-61.069639,0,10340,0
10339,LUNAROC,Luna Rock Pv,,14.618597,-61.070743,1,,0
21049,2199,Luna Rock Pv,,14.618243,-61.071031,0,10339,0
10337,CRFTPAI,Cour Fruit A Pain,,14.615371,-61.071947,1,,0
21050,2200,Cour Fruit A Pain,,14.614977,-61.072014,0,10337,0
10253,ABGRE,Abbe Gregroire,,14.611561,-61.071376,1,,0
21066,2216,Abbe Gregroire,,14.611404,-61.071310,0,10253,0
10827,GABPERI,Gabriel Peri,,14.608021,-61.069866,1,,0
21052,2202,Gabriel Peri,,14.608021,-61.069866,0,10827,0
10088,CLEM,Gare Clemenceau,,14.607436,-61.071371,1,,0
20171,2010,Gare Clemenceau,,14.607697,-61.071341,0,10088,0
10264,ALIK,Gare Aliker Paul Langevin,,14.608552,-61.071562,1,,0
20975,2125,Gare Aliker Paul Langevin,,14.608066,-61.072116,0,10264,0
20403,1277,Gare Aliker Paul Langevin,,14.609039,-61.071300,0,10264,0
10336,GOUVFOU,Gouverneur Foureau,,14.613206,-61.073076,1,,0
20404,1278,Gouverneur Foureau,,14.613206,-61.073076,0,10336,0
20405,1279,Cour Fruit A Pain,,14.615764,-61.071880,0,10337,0
10338,PTCHAIN,Pont De Chaines,,14.617279,-61.071291,1,,0
20406,1280,Pont De Chaines,,14.617279,-61.071291,0,10338,0
20407,1281,Luna Rock Pv,,14.618951,-61.070456,0,10339,0
20408,1282,Detour Bourdin,,14.620983,-61.069713,0,10340,0
20409,1283,La Carrière,,14.620984,-61.071178,0,10341,0
20410,1284,Croisée Desrochers,,14.624765,-61.072449,0,10342,0
20435,1309,Athanase Pv,,14.627488,-61.074324,0,10367,0
20436,1310,Castel Desrocher,,14.627465,-61.075623,0,10368,0
20437,1311,Desrocher 1Pv,,14.627716,-61.077335,0,10369,0
20438,1312,Desrocher 2Pv,,14.628592,-61.078158,0,10370,0
20439,1313,Desrocher 3Pv,,14.629762,-61.078888,0,10371,0
20440,1314,Desrocher 4Pv,,14.631111,-61.078864,0,10372,0
20441,1315,Desrocher 5Pv,,14.631983,-61.078887,0,10373,0
20442,1316,Les Remparts Pv,,14.633265,-61.079679,0,10374,0
20443,1317,Desrocher 6Pv,,14.636368,-61.081219,0,10375,0
10376,DESROC7,Desrocher 7Pv,,14.638097,-61.081940,1,,0
20444,1318,Desrocher 7Pv,,14.638097,-61.081940,0,10376,0
10737,MNCOC1,Morne Coco 1,,14.638680,-61.081144,1,,0
20838,1912,Morne Coco 1,,14.638680,-61.081144,0,10737,0
10738,BATDELT,Bat.Delta,,14.640100,-61.081800,1,,0
20839,1913,Bat.Delta,,14.640100,-61.081800,0,10738,0
10739,MNCOC2,Morne Coco 2,,14.639800,-61.081700,1,,0
20840,1914,Morne Coco 2,,14.639800,-61.081700,0,10739,0
20445,1319,Bois Thibault 1Pv,,14.643096,-61.084527,0,10377,0
20446,1320,Bois Thibault 2Pv,,14.644475,-61.084704,0,10378,0
20447,1321,Bois Thibault 3Pv,,14.646229,-61.084994,0,10379,0
20448,1322,Bois Thibault 4Pv,,14.647581,-61.084552,0,10380,0
10612,LADE,Clauzel,,14.641389,-61.113551,1,,0
21248,2458,Clauzel,,14.641400,-61.113605,0,10612,0
10611,ANGLAI,Les Anglais,,14.639876,-61.112689,1,,0
21249,2459,Les Anglais,,14.639936,-61.112667,0,10611,0
10610,COCOTI,Les Cocotiers,,14.638859,-61.113371,1,,0
21250,2460,Les Cocotiers,,14.638947,-61.113361,0,10610,0
10609,MANG112,Les Manguiers,,14.637823,-61.112746,1,,0
21251,2461,Les Manguiers,,14.637893,-61.112823,0,10609,0
10878,CLEMNT,Clemente,,14.632081,-61.112368,1,,0
21252,2462,Clemente,,14.632081,-61.112368,0,10878,0
10608,BEAUNE,Beaunel,,14.630617,-61.113484,1,,0
21253,2463,Beaunel,,14.630764,-61.113415,0,10608,0
10607,ESTRAD,Estrade,,14.627965,-61.113957,1,,0
21254,2464,Estrade,,14.627821,-61.113944,0,10607,0
11233,1-A-45,FOND BERNIER 1,,14.627350,-61.113829,1,,0
20682,1-R-85,FOND BERNIER 1,,14.627422,-61.113865,0,11233,0
10598,FDLAHAY,FOND LAHAYE,,14.627992,-61.110952,1,,0
21243,1-A-46,FOND LAHAYE,,14.627941,-61.110909,0,10598,0
10596,FDCOLLA,Fond Collat,,14.624094,-61.109728,1,,0
21244,1-A-47,Fond Collat,,14.624093,-61.109813,0,10596,0
10595,CAPLAOU,CLAPLAOUS,,14.622837,-61.106958,1,,0
21245,1-A-48,CLAPLAOUS,,14.622648,-61.106893,0,10595,0
10594,ANSCOL,Anse Collat,,14.619484,-61.104357,1,,0
21246,1-A-49,Anse Collat,,14.619287,-61.103836,0,10594,0
10068,ANMA,Stade,,14.618811,-61.101972,1,,0
21247,2452,Stade,,14.617790,-61.102008,0,10068,0
10070,VISCHOE,Victor Schoelcher,,14.616480,-61.101022,1,,0
20111,2453,Victor Schoelcher,,14.616591,-61.101035,0,10070,0
10033,CGVPLAC,College Vincent Placoly,,14.616461,-61.099925,1,,0
20051,2454,College Vincent Placoly,,14.616462,-61.099922,0,10033,0
10039,FLAMBO,Flamboyants,,14.616661,-61.098726,1,,0
20061,2456,Flamboyants,,14.616673,-61.098836,0,10039,0
10053,HTMADIA,Les Hauts De Madiana,,14.617400,-61.097208,1,,0
20083,2457,Les Hauts De Madiana,,14.617400,-61.097208,0,10053,0
10028,UNIV,Campus,,14.618513,-61.095688,1,,0
20042,2435,Campus,,14.618513,-61.095688,0,10028,0
10029,CANAVI,Case Navire,,14.617646,-61.096918,1,,0
20044,2436,Case Navire,,14.617646,-61.096918,0,10029,0
20062,1673,Flamboyants,,14.616833,-61.098384,0,10039,0
21392,2648,Flamboyants,,14.616312,-61.099304,0,10039,0
10055,MADIAN,MADIANA,,14.613536,-61.096393,1,,0
20087,1-A-50,MADIANA,,14.612495,-61.096260,0,10055,0
10022,ANGOUR,Anse Gouraud,,14.609356,-61.096702,1,,0
20034,1-A-51,Anse Gouraud,,14.609257,-61.096699,0,10022,0
10030,CASINO,Casino,,14.607778,-61.094098,1,,0
20046,1-A-52,Casino,,14.607703,-61.094147,0,10030,0
10064,PTDEJAH,VERRIER,,14.605749,-61.091102,1,,0
20101,1-A-53,VERRIER,,14.605614,-61.090917,0,10064,0
10051,LEBRISA,LUMINA SOPHIE,,14.605336,-61.090023,1,,0
20080,1-A-54,LUMINA SOPHIE,,14.605336,-61.090023,0,10051,0
10038,ECHCAMP,PANORAMA,,14.604961,-61.087183,1,,0
20060,1-A-55,PANORAMA,,14.604876,-61.087165,0,10038,0
10062,PRBELV,CENTRE COMMERCIAL BELLEVUE,,14.604756,-61.084029,1,,0
20098,1-A-57,CENTRE COMMERCIAL BELLEVUE,,14.604652,-61.083890,0,10062,0
10048,MARNE,La Marne,,14.604005,-61.079906,1,,0
20074,2121,La Marne,,14.604362,-61.080408,0,10048,0
10054,LYSCHOE,Lycee Schoelcher,,14.603022,-61.076378,1,,0
20085,1-A-59,Lycee Schoelcher,,14.602619,-61.077351,0,10054,0
10014,SIMON,POINTE SIMON,,14.603172,-61.071349,1,,0
20066,2590,POINTE SIMON,,14.602954,-61.072163,0,10014,0
20067,1485,POINTE SIMON,,14.603417,-61.071586,0,10014,0
20086,1-R-99,Lycee Schoelcher,,14.603425,-61.075405,0,10054,0
20075,1-R-98,La Marne,,14.603649,-61.079405,0,10048,0
20099,1-R-97,CENTRE COMMERCIAL BELLEVUE,,14.604860,-61.084167,0,10062,0
10061,PANORA,Panorama,,14.604919,-61.085201,1,,0
20097,1664,Panorama,,14.604919,-61.085201,0,10061,0
20651,1-R-95,PANORAMA,,14.605046,-61.087202,0,10038,0
20102,1-R-94,VERRIER,,14.605883,-61.091288,0,10064,0
20047,1-R-93,Casino,,14.607853,-61.094049,0,10030,0
20035,1-R-92,Anse Gouraud,,14.609455,-61.096705,0,10022,0
20088,1668,MADIANA,,14.614578,-61.096526,0,10055,0
20052,1674,College Vincent Placoly,,14.616460,-61.099927,0,10033,0
20112,1675,Victor Schoelcher,,14.616368,-61.101010,0,10070,0
10023,ANMADA,Anse Madame,,14.618087,-61.101798,1,,0
20036,1676,Anse Madame,,14.618087,-61.101798,0,10023,0
20677,1-R-90,Anse Collat,,14.619681,-61.104877,0,10594,0
20678,1-R-89,CLAPLAOUS,,14.623026,-61.107023,0,10595,0
20679,1-R-88,Fond Collat,,14.624095,-61.109643,0,10596,0
10597,LAGROSI,LA GROSILLIERE,,14.627518,-61.110131,1,,0
20680,1-R-87,LA GROSILLIERE,,14.627518,-61.110131,0,10597,0
20681,1-R-86,FOND LAHAYE,,14.628043,-61.110995,0,10598,0
20690,1690,Estrade,,14.628109,-61.113970,0,10607,0
20691,1691,Beaunel,,14.630470,-61.113554,0,10608,0
20692,1692,Les Manguiers,,14.637753,-61.112669,0,10609,0
20693,1693,Les Cocotiers,,14.638772,-61.113382,0,10610,0
20694,1694,Les Anglais,,14.639817,-61.112710,0,10611,0
20695,1695,Clauzel,,14.641378,-61.113498,0,10612,0
10571,CCOBAT,Centre Commercial Batelière,,14.607437,-61.092578,1,,0
20652,1559,Centre Commercial Batelière,,14.607437,-61.092578,0,10571,0
10617,CIOB,Ctre Commercial Batelière,,14.607913,-61.092478,1,,0
20700,1720,Ctre Commercial Batelière,,14.608426,-61.092057,0,10617,0
10618,COCOTE,Cocoteraie,,14.609371,-61.092761,1,,0
20701,1721,Cocoteraie,,14.609581,-61.092934,0,10618,0
10619,CONIF,Coniferes,,14.610257,-61.094156,1,,0
20702,1722,Coniferes,,14.610255,-61.094071,0,10619,0
10620,ASSEDIC,Assedic,,14.611156,-61.093221,1,,0
20703,1723,Assedic,,14.611023,-61.092763,0,10620,0
10404,IDEAL,Ideal,,14.610679,-61.090921,1,,0
20704,1724,Ideal,,14.610622,-61.091089,0,10404,0
10403,MARIZ,Mariz,,14.611032,-61.089535,1,,0
20705,1725,Mariz,,14.611022,-61.089446,0,10403,0
10621,LALLEE,L'allée,,14.612478,-61.089563,1,,0
20706,1726,L'allée,,14.612257,-61.089556,0,10621,0
10624,TROY,Troy,,14.615101,-61.088302,1,,0
20709,1729,Troy,,14.615251,-61.088229,0,10624,0
10625,LIONS,Lions,,14.616479,-61.087615,1,,0
20710,1730,Lions,,14.616344,-61.087648,0,10625,0
10626,ALAMA33,Alamandas,,14.619151,-61.086523,1,,0
20711,1732,Alamandas,,14.619151,-61.086523,0,10626,0
10627,IXORA33,Ixoras,,14.618191,-61.085482,1,,0
20712,1733,Ixoras,,14.618191,-61.085482,0,10627,0
10628,HICL,Hotel Des Impôts,,14.617234,-61.084272,1,,0
20713,1734,Hotel Des Impôts,,14.617232,-61.084245,0,10628,0
10445,GIBI,Patio,,14.616581,-61.084504,1,,0
20516,1390,Patio,,14.616581,-61.084504,0,10445,0
10629,MULTIPS,Multipliants,,14.616966,-61.088917,1,,0
20714,1736,Multipliants,,14.616966,-61.088917,0,10629,0
10630,GABR,Gabriel,,14.616183,-61.090415,1,,0
20715,1737,Gabriel,,14.616183,-61.090415,0,10630,0
10631,MANGUE,Mangues,,14.615537,-61.091576,1,,0
20716,1738,Mangues,,14.615537,-61.091576,0,10631,0
10632,PLFO,Amicale,,14.614843,-61.092643,1,,0
20717,1739,Amicale,,14.614843,-61.092643,0,10632,0
10633,TOURTER,Tourterelle,,14.614770,-61.091776,1,,0
20718,1740,Tourterelle,,14.614770,-61.091776,0,10633,0
10634,OMBRE,Ombrelle,,14.615413,-61.090156,1,,0
20719,1741,Ombrelle,,14.615413,-61.090156,0,10634,0
10635,PLANTE,Les Plantes,,14.616102,-61.089376,1,,0
20720,1742,Les Plantes,,14.616102,-61.089376,0,10635,0
10636,BAPTEMP,Baptiste Le Temple,,14.616989,-61.088355,1,,0
20721,1743,Baptiste Le Temple,,14.616989,-61.088355,0,10636,0
10637,RPRT,Venice,,14.621487,-61.093705,1,,0
21399,2656,Venice,,14.621513,-61.093777,0,10637,0
10768,UAGM,UAG,,14.619645,-61.095263,1,,0
21534,UAGM,UAGM,,14.619635,-61.095390,0,10768,0
20108,1696,Stade,,14.619284,-61.101912,0,10068,0
10049,LASAGES,La Sagesse,,14.620730,-61.103429,1,,0
20077,1697,La Sagesse,,14.620795,-61.103289,0,10049,0
10067,ROJANV,Roland Janvier,,14.622198,-61.102548,1,,0
20106,1698,Roland Janvier,,14.622381,-61.102519,0,10067,0
10024,BELLAN,Bellance,,14.623406,-61.102727,1,,0
20038,1699,Bellance,,14.623673,-61.102723,0,10024,0
10036,DELOUCH,Delouche,,14.624983,-61.102830,1,,0
20057,1700,Delouche,,14.624870,-61.102804,0,10036,0
10060,OZENAT,Ozenat,,14.628018,-61.103880,1,,0
20096,1701,Ozenat,,14.628052,-61.103860,0,10060,0
10037,DOMINA,Dominante,,14.629259,-61.103260,1,,0
20059,1702,Dominante,,14.629280,-61.103232,0,10037,0
10052,LEHAMEA,Les Hameaux,,14.628834,-61.101720,1,,0
20082,1703,Les Hameaux,,14.628869,-61.101621,0,10052,0
10032,CGTERV,College De Terreville,,14.630850,-61.099620,1,,0
20050,1709,College De Terreville,,14.630922,-61.099643,0,10032,0
10035,CTCOMM,Ctre Comm Terreville,,14.635666,-61.099869,1,,0
20055,1713,Ctre Comm Terreville,,14.635666,-61.099869,0,10035,0
10031,CIMTERV,Cimetière Terreville,,14.637896,-61.097757,1,,0
20048,1714,Cimetière Terreville,,14.637896,-61.097757,0,10031,0
10056,MADERET,Maison De Retraite,,14.642750,-61.099014,1,,0
20089,2467,Maison De Retraite,,14.642750,-61.099014,0,10056,0
10063,CPEBO,Petit Bois,,14.644110,-61.098945,1,,0
20100,2468,Petit Bois,,14.644110,-61.098945,0,10063,0
10950,Monas,Monastere,,14.649620,-61.093730,1,,0
21522,11240,Monastere,,14.649620,-61.093730,0,10950,0
10057,MADAVG,Maison Des Aveugles,,14.644387,-61.100809,1,,0
20090,2469,Maison Des Aveugles,,14.644387,-61.100809,0,10057,0
10045,HYBRID,Hybride,,14.643991,-61.101256,1,,0
20071,2470,Hybride,,14.643991,-61.101256,0,10045,0
10027,BOUGAI,Bougainvillier,,14.642467,-61.101498,1,,0
20041,2471,Bougainvillier,,14.642467,-61.101498,0,10027,0
10044,HIBISC,Hibiscus,,14.634811,-61.055104,1,,0
20070,2472,Hibiscus,,14.641078,-61.101915,0,10044,0
10020,ALAMAN,Alamandas,,14.638770,-61.102975,1,,0
20031,2473,Alamandas,,14.638770,-61.102975,0,10020,0
10040,FLEUNO,Fleuri Noel,,14.637116,-61.101694,1,,0
20063,2475,Fleuri Noel,,14.637116,-61.101694,0,10040,0
10025,BELLEV,Bellevue,,14.636080,-61.101392,1,,0
20039,2476,Bellevue,,14.636080,-61.101392,0,10025,0
10041,FONROUS,Fond Rousseau,,14.633723,-61.101374,1,,0
20064,2477,Fond Rousseau,,14.633640,-61.101403,0,10041,0
10069,TOUARE,Touareg,,14.632406,-61.100348,1,,0
20109,2478,Touareg,,14.632406,-61.100348,0,10069,0
10059,MONOCO,Monocourt,,14.631854,-61.100437,1,,0
20093,2479,Monocourt,,14.631854,-61.100437,0,10059,0
20049,2480,College De Terreville,,14.630777,-61.099596,0,10032,0
10058,MAUSTE,Maustenil,,14.632437,-61.098055,1,,0
20091,2481,Maustenil,,14.632432,-61.098002,0,10058,0
20065,1712,Fond Rousseau,,14.633807,-61.101346,0,10041,0
20631,1530,Flamboyants,,14.616828,-61.098382,0,10039,0
21449,2731,UAG,,14.619500,-61.095200,0,10768,0
20722,1744,Venice,,14.621461,-61.093633,0,10637,0
10446,ECPLATF,Ecole Plateau Fofo,,14.617379,-61.087236,1,,0
20517,1391,Ecole Plateau Fofo,,14.617379,-61.087236,0,10446,0
21256,2496,Lions,,14.616614,-61.087583,0,10625,0
21257,2497,Troy,,14.614951,-61.088374,0,10624,0
10623,GLICIRI,Gliciridias,,14.638497,-61.061384,1,,0
21258,2498,Gliciridias,,14.614029,-61.089174,0,10623,0
10622,FLEURIE,Fleurie,,14.640754,-61.070253,1,,0
21259,2499,Fleurie,,14.613383,-61.089514,0,10622,0
21260,2500,L'allée,,14.612698,-61.089570,0,10621,0
21090,2243,Mariz,,14.611031,-61.089457,0,10403,0
21262,2502,Ideal,,14.610707,-61.090837,0,10404,0
21263,2503,Assedic,,14.611290,-61.093678,0,10620,0
21264,2504,Coniferes,,14.610259,-61.094242,0,10619,0
21265,2505,Cocoteraie,,14.609160,-61.092589,0,10618,0
10880,PALMER,Palméras,,14.608265,-61.092100,1,,0
21266,2506,Palméras,,14.608265,-61.092100,0,10880,0
10221,PEZA,Petite Zac Terminus Pv,,14.622972,-61.040831,1,,0
20288,1151,Petite Zac Terminus Pv,,14.622972,-61.040831,0,10221,0
10806,CHRISTO,Christophe,,14.621537,-61.041244,1,,0
20922,2066,Christophe,,14.621537,-61.041244,0,10806,0
10215,Cayali,Cayali,,14.619771,-61.040923,1,,0
20923,2067,Cayali,,14.619609,-61.040906,0,10215,0
10222,ESP PAT,Pat,,14.619209,-61.040399,1,,0
20924,2068,Pat,,14.619170,-61.040556,0,10222,0
10219,KARATA,Karatas,,14.618284,-61.041891,1,,0
20925,2069,Karatas,,14.618115,-61.042074,0,10219,0
10218,VERRIER,La Verriere,,14.617279,-61.042951,1,,0
20926,2070,La Verriere,,14.617237,-61.043045,0,10218,0
10217,AMFRO,Amfro,,14.616516,-61.045090,1,,0
20927,2071,Amfro,,14.616523,-61.045231,0,10217,0
10216,ARAWA,Arawack,,14.616827,-61.047354,1,,0
20928,2072,Arawack,,14.616807,-61.047216,0,10216,0
10204,FOKKER,Foker,,14.620429,-61.046939,1,,0
21469,2753,Foker,,14.620429,-61.046924,0,10204,0
10202,BATD19,Montgérald Bat.D19,,14.620073,-61.048679,1,,0
21470,2754,Montgérald Bat.D19,,14.620080,-61.048890,0,10202,0
10951,KERLYS,KERLYS,,14.613212,-61.052718,1,,0
21532,2031_1,KERLYS (FACE COIFFEUR),,14.612424,-61.053337,0,10951,0
10118,LACAMIL,Faubourg La Camille,,14.610119,-61.054969,1,,0
20166,2003,Faubourg La Camille,,14.609870,-61.055201,0,10118,0
10010,MANIO,CROISEE MANIOC,,14.608733,-61.056060,1,,0
20134,2004,CROISEE MANIOC,,14.608817,-61.056125,0,10010,0
10124,LEQUIEM,Msgr Lequiem,,14.606255,-61.058334,1,,0
20173,2005,Msgr Lequiem,,14.606254,-61.058398,0,10124,0
10146,PARNAS,Parnasse,,14.604713,-61.060362,1,,0
20201,2006,Parnasse,,14.604592,-61.060546,0,10146,0
10082,CACEM,Cacem,,14.604150,-61.063700,1,,0
20124,2695,Cacem,,14.604150,-61.063700,0,10082,0
10125,MAISYND,Maison Des Syndicats,,14.605584,-61.064712,1,,0
20175,2007,Maison Des Syndicats,,14.605584,-61.064712,0,10125,0
10106,FOLIE,La Folie,,14.606592,-61.066547,1,,0
20153,2008,La Folie,,14.606592,-61.066547,0,10106,0
10138,MUTUAL,La Mutualité,,14.607591,-61.068315,1,,0
20191,2009,La Mutualité,,14.607591,-61.068315,0,10138,0
20131,1001,Gare Clemenceau,,14.607474,-61.071688,0,10088,0
10097,EBOUE,Felix Eboue,,14.606325,-61.066331,1,,0
20143,1003,Felix Eboue,,14.606325,-61.066331,0,10097,0
10077,BARADOU,Bassin Radoub,,14.603389,-61.063688,1,,0
20119,1004,Bassin Radoub,,14.603389,-61.063688,0,10077,0
10776,PORT,Préfecture Bishop,,14.603485,-61.061874,1,,0
20878,1969,Préfecture Bishop,,14.603395,-61.061831,0,10776,0
20202,1005,Parnasse,,14.604835,-61.060179,0,10146,0
20174,1006,Msgr Lequiem,,14.606255,-61.058270,0,10124,0
20135,1007,CROISEE MANIOC,,14.608698,-61.055955,0,10010,0
20167,1008,Faubourg La Camille,,14.610367,-61.054738,0,10118,0
10009,KERLY,KERLYS,,14.613191,-61.052560,1,,0
20165,1009,KERLYS,,14.613474,-61.052252,0,10009,0
10179,DISTDIL,Distillerie,,14.616709,-61.048727,1,,0
20242,1030,Distillerie,,14.616779,-61.048391,0,10179,0
20267,1127,Montgérald Bat.D19,,14.620066,-61.048468,0,10202,0
10203,VISCOUN,Viscount,,14.620642,-61.047784,1,,0
20268,1128,Viscount,,14.620642,-61.047784,0,10203,0
20269,1129,Foker,,14.620429,-61.046954,0,10204,0
10205,PLAINE,La Plaine,,14.619277,-61.047291,1,,0
20270,1130,La Plaine,,14.619277,-61.047291,0,10205,0
10775,CIMG,Batiment 15 Mongéralde,,14.618026,-61.048303,1,,0
20877,1968,Batiment 15 Mongéralde,,14.618026,-61.048303,0,10775,0
20282,1144,Arawack,,14.616847,-61.047493,0,10216,0
20283,1145,Amfro,,14.616509,-61.044949,0,10217,0
20284,1146,La Verriere,,14.617322,-61.042856,0,10218,0
20285,1147,Karatas,,14.618454,-61.041709,0,10219,0
20289,1152,Pat,,14.619248,-61.040242,0,10222,0
20281,1143,Cayali,,14.619933,-61.040940,0,10215,0
10220,CRISTOP,Christophe,,14.621372,-61.041204,1,,0
20287,1150,Christophe,,14.621372,-61.041204,0,10220,0
10275,PAVILA2,Pavilla 2Pv,,14.611934,-61.068932,1,,0
20342,1213,Pavilla 2Pv,,14.611934,-61.068932,0,10275,0
10276,LABUTTE,La Butte Pv,,14.613807,-61.069212,1,,0
20343,1214,La Butte Pv,,14.613807,-61.069212,0,10276,0
10277,PAVILA3,Pavilla 3 Pv,,14.615088,-61.069288,1,,0
20344,1215,Pavilla 3 Pv,,14.615088,-61.069288,0,10277,0
10278,TREN,Ecole Trénelle Pv3,,14.614909,-61.070198,1,,0
20345,1216,Ecole Trénelle Pv3,,14.614909,-61.070198,0,10278,0
10254,PL22MAI,Place Du 22 Mai,,14.613342,-61.070787,1,,0
20970,2114,Place Du 22 Mai,,14.613459,-61.070855,0,10254,0
10919,EGLTERS,Eglise Terres sainville,,14.611859,-61.071259,1,,0
21460,2743,Eglise Terres sainville,,14.611859,-61.071259,0,10919,0
20972,2116,Abbe Gregroire,,14.611425,-61.071439,0,10253,0
10665,SAJO,Gare St Joseph,,14.670791,-61.038750,1,,0
20750,1773,Gare St Joseph,,14.670791,-61.038750,0,10665,0
10593,STADMUR,Stade Henri Murano,,14.673887,-61.036054,1,,0
21283,2523,Stade Henri Murano,,14.672648,-61.034991,0,10593,0
10724,CGBLET,Collège Belle Etoile,,14.672734,-61.033667,1,,0
20824,1885,Collège Belle Etoile,,14.672667,-61.033704,0,10724,0
10723,BELET,Belle Etoile,,14.673244,-61.030478,1,,0
20823,1884,Belle Etoile,,14.673226,-61.030758,0,10723,0
10722,CCOBELT,Ctre Comm Belle Etoile,,14.673548,-61.028719,1,,0
20822,1883,Ctre Comm Belle Etoile,,14.673597,-61.028581,0,10722,0
10573,CITLUCO,Cité Luco,,14.673878,-61.026896,1,,0
20655,1563,Cité Luco,,14.673886,-61.026995,0,10573,0
10721,CRMA,Croisee Manioc Ouest,,14.671769,-61.023231,1,,0
21396,2653,Croisee Manioc Ouest,,14.671200,-61.023079,0,10721,0
10701,PROSPER,Prosperite,,14.664143,-61.017522,1,,0
20794,1853,Prosperite,,14.664266,-61.017592,0,10701,0
10572,CHOISY,Choisy,,14.661098,-61.014847,1,,0
20653,1560,Choisy,,14.661124,-61.014809,0,10572,0
10700,DERBOIS,Derriere Bois,,14.658790,-61.013069,1,,0
20793,1851,Derriere Bois,,14.658938,-61.013121,0,10700,0
10877,DORVAL,En Dorval,,14.655787,-61.011803,1,,0
21239,2429,En Dorval,,14.655787,-61.011803,0,10877,0
10936,DORZ,Chemin Dorzon,,14.653040,-61.008020,1,,0
21507,3002,Chemin Dorzon,,14.653040,-61.008020,0,10936,0
10937,STEFAM,Sainte Famille,,14.654740,-61.007760,1,,0
21508,3003,Sainte Famille,,14.654740,-61.007760,0,10937,0
10938,CHBELF1,Chemin Belfort 1291,,14.653180,-61.005060,1,,0
21509,3004,Chemin Belfort 1291,,14.653180,-61.005060,0,10938,0
10939,CHBELF3,Chemin Belfort 655,,14.649650,-61.004950,1,,0
21510,3005,Chemin Belfort 655,,14.649650,-61.004950,0,10939,0
10871,MAUGEE,La Maugée,,14.643375,-61.010484,1,,0
21229,2417,La Maugée,,14.643593,-61.010420,0,10871,0
10876,CHAMBO,Chambord,,14.639257,-61.010355,1,,0
21236,2426,Chambord,,14.639257,-61.010355,0,10876,0
10875,LONGVIL,Longvilliers,,14.635502,-61.008647,1,,0
21235,2425,Longvilliers,,14.635502,-61.008647,0,10875,0
10872,ECLGPRE,Ecole Long Pré,,14.633527,-61.008505,1,,0
21230,2420,Ecole Long Pré,,14.633327,-61.008543,0,10872,0
10873,LGPRE,Long Pre,,14.632209,-61.008369,1,,0
21231,2421,Long Pre,,14.631056,-61.008273,0,10873,0
20614,1503,Hibiscus,,14.628544,-61.008294,0,10044,0
10540,PAYMEL,Pays Mélé,,14.626280,-61.007987,1,,0
20615,1504,Pays Mélé,,14.626313,-61.008015,0,10540,0
10541,BODI,Bois D'inde,,14.622456,-61.006551,1,,0
20616,1505,Bois D'inde,,14.622459,-61.006596,0,10541,0
10518,PEUPLIE,Peupliers,,14.640140,-61.017840,1,,0
20592,1478,Peupliers,,14.619170,-61.005267,0,10518,0
10580,GIMA,Passage giratoire Mahaut,,14.618426,-61.005104,1,,0
20662,1573,Passage giratoire Mahaut,,14.618426,-61.005104,0,10580,0
10519,PLMA,Gare routière de Mahault,,14.617802,-61.004409,1,,0
20593,1479,Gare routière de Mahault,,14.617706,-61.004417,0,10519,0
10520,VXPT1,Vieux Pont 1,,14.614278,-61.004761,1,,0
20594,1480,Vieux Pont 1,,14.614469,-61.004715,0,10520,0
10521,VXPT2,Vieux Pont 2,,14.612106,-61.004872,1,,0
20595,1481,Vieux Pont 2,,14.612305,-61.004955,0,10521,0
10522,FRCHX,Four A Chaux,,14.610485,-61.003784,1,,0
20596,1482,Four A Chaux,,14.610421,-61.003557,0,10522,0
10523,BASMIS,Bas Mission,,14.611064,-61.001069,1,,0
20597,1483,Bas Mission,,14.611033,-61.001047,0,10523,0
10524,CGPTMAN,Collège Petit Manoir,,14.612526,-60.997492,1,,0
20598,1484,Collège Petit Manoir,,14.612459,-60.997517,0,10524,0
10888,PALSPO,Palais Des Sports,,14.612544,-60.995824,1,,0
21318,2562,Palais Des Sports,,14.612544,-60.995824,0,10888,0
21320,2564,Bas Mission,,14.611094,-61.001092,0,10523,0
21321,2565,Four A Chaux,,14.610548,-61.004011,0,10522,0
21322,2566,Vieux Pont 2,,14.611908,-61.004789,0,10521,0
21323,2567,Vieux Pont 1,,14.614087,-61.004807,0,10520,0
21324,2568,Gare routière de Mahault,,14.617898,-61.004401,0,10519,0
21325,2569,Peupliers,,14.619061,-61.005081,0,10518,0
21343,2591,Bois D'inde,,14.622453,-61.006506,0,10541,0
10894,PTIPRE,Petit Pre 1Pv,,14.624645,-61.006883,1,,0
21344,2592,Petit Pre 1Pv,,14.624645,-61.006883,0,10894,0
21345,2593,Pays Mélé,,14.626247,-61.007960,0,10540,0
10874,JEAR,Hibiscus,,14.629648,-61.008052,1,,0
21232,2422,Hibiscus,,14.629648,-61.008052,0,10874,0
21233,2423,Long Pre,,14.633362,-61.008465,0,10873,0
21234,2424,Ecole Long Pré,,14.633728,-61.008467,0,10872,0
21237,2427,La Maugée,,14.643158,-61.010547,0,10871,0
21397,2654,Derriere Bois,,14.658643,-61.013017,0,10700,0
21190,2365,Choisy,,14.661071,-61.014884,0,10572,0
21189,2364,Prosperite,,14.664021,-61.017451,0,10701,0
20821,1881,Croisee Manioc Ouest,,14.672339,-61.023383,0,10721,0
21198,2373,Ctre Comm Belle Etoile,,14.673500,-61.028857,0,10722,0
21197,2372,Belle Etoile,,14.673263,-61.030198,0,10723,0
21196,2371,Collège Belle Etoile,,14.672801,-61.033631,0,10724,0
10725,BALI301,Balisier,,14.672743,-61.038162,1,,0
21284,2524,Balisier,,14.672769,-61.038144,0,10725,0
10664,GSCMAUR,Gpe Sco H Maurice,,14.671988,-61.039350,1,,0
20749,1772,Gpe Sco H Maurice,,14.671988,-61.039350,0,10664,0
21295,2535,Ctre Comm Beterbat,,14.621454,-60.988454,0,10882,0
10589,GBC,Giratoire Bois Carré 2,,14.623906,-60.988368,1,,0
20672,22-197,Giratoire Bois Carré 2,,14.624027,-60.988109,0,10589,0
10740,ELIZE,Union (brasserie lorraine -près snack elysée),,14.625156,-60.979778,1,,0
20841,22-196,Union (brasserie lorraine -près snack elysée),,14.624981,-60.979704,0,10740,0
11038,22-76,UNION NORD,,14.626260,-60.978592,1,,0
21631,22-195,UNION NORD,,14.626260,-60.978592,0,11038,0
10728,GISA,SARRAULT,,14.642591,-60.976515,1,,0
20829,22-194,SARRAULT,,14.643162,-60.976322,0,10728,0
11036,22-74,FONDS GIROMON,,14.648712,-60.975115,1,,0
21633,22-193,FONDS GIROMON,,14.648712,-60.975115,0,11036,0
11035,22-73,MACARON,,14.651224,-60.974388,1,,0
21634,22-192,MACARON,,14.651224,-60.974388,0,11035,0
11873,R05-29,giratoire pelletier 3,,14.656722,-60.973077,1,,0
21743,23-R-45,giratoire pelletier 3,,14.656722,-60.973077,0,11873,0
11073,23-A-02,Bois Jolimont,,14.656783,-60.974629,1,,0
21715,23-A-02,Bois Jolimont,,14.656783,-60.974629,0,11073,0
10481,PELL,Ecole de Pelletier,,14.656789,-60.980159,1,,0
21305,23-A-03,Ecole de Pelletier,,14.656806,-60.980161,0,10481,0
10486,ROMANA,ADAPEI/La Romana,,14.658812,-60.983516,1,,0
20559,23-R-49,ADAPEI/La Romana,,14.659084,-60.983793,0,10486,0
21413,22-75,SARRAULT,,14.642019,-60.976708,0,10728,0
21420,22-77,Union (brasserie lorraine -près snack elysée),,14.625331,-60.979853,0,10740,0
21503,22-78,Giratoire Bois Carré 2,,14.623785,-60.988627,0,10589,0
10482,CADENA,Cadenat,,14.655303,-60.979938,1,,0
21317,2561,Cadenat,,14.655303,-60.979965,0,10482,0
10483,LEFROY,Le Froy,,14.654152,-60.979463,1,,0
21316,2560,Le Froy,,14.654152,-60.979434,0,10483,0
10484,DOLMEN,Dolmen,,14.654301,-60.978250,1,,0
21315,2559,Dolmen,,14.654303,-60.978230,0,10484,0
10485,CLEDOR,Superette Cledor,,14.654327,-60.977171,1,,0
21314,2558,Superette Cledor,,14.654322,-60.977123,0,10485,0
10887,RENAISS,La Renaissance De Pelletier,,14.656037,-60.977342,1,,0
21313,2557,La Renaissance De Pelletier,,14.656037,-60.977342,0,10887,0
11075,23-A-04,Rose des vents,,14.657726,-60.982365,1,,0
21717,23-A-04,Rose des vents,,14.657726,-60.982365,0,11075,0
21718,23-A-05,ADAPEI/La Romana,,14.658540,-60.983239,0,10486,0
21719,23-A-06,Daubert,,14.658776,-60.986153,0,11077,0
11078,23-A-07,Giratoire Durocher 2,,14.650211,-60.988511,1,,0
21720,23-A-07,Giratoire Durocher 2,,14.650211,-60.988511,0,11078,0
21721,25-42,Giratoire Durocher 1,,14.649731,-60.988994,0,11079,0
10884,OISPARA,Oiseaux De Paradis,,14.640391,-60.988941,1,,0
21301,2541,Oiseaux De Paradis,,14.640391,-60.988941,0,10884,0
10883,FOURRIE,La Fourrière,,14.635960,-60.989971,1,,0
21299,2539,La Fourrière,,14.635960,-60.989971,0,10883,0
20554,1431,Cadenat,,14.655303,-60.979911,0,10482,0
20555,1432,Le Froy,,14.654152,-60.979493,0,10483,0
20556,1433,Dolmen,,14.654298,-60.978270,0,10484,0
20557,1434,Superette Cledor,,14.654332,-60.977220,0,10485,0
20553,23-R-47,Ecole de Pelletier,,14.656772,-60.980158,0,10481,0
10666,GIRACA1,Giratoire Acajou 1,,14.619970,-61.021420,1,,0
20751,1774,Giratoire Acajou 1,,14.619970,-61.021420,0,10666,0
10897,GIRACA,Giratoire Acajou,,14.621439,-61.019716,1,,0
21362,2614,Giratoire Acajou,,14.621439,-61.019716,0,10897,0
10549,BAMBO,Bambous,,14.621799,-61.022037,1,,0
21363,2615,Bambous,,14.621795,-61.021919,0,10549,0
10507,GONDO3,Gondeau 3,,14.624599,-61.024436,1,,0
21365,2617,Gondeau 3,,14.624474,-61.024384,0,10507,0
10898,RIZOP,Cité Rizophore,,14.626428,-61.025398,1,,0
21366,2618,Cité Rizophore,,14.626428,-61.025398,0,10898,0
10667,VILAIN,Le Vilain,,14.628569,-61.027684,1,,0
21411,2680,Le Vilain,,14.628591,-61.027780,0,10667,0
10529,CAMI,Camp Militaire,,14.631400,-61.030952,1,,0
21357,2606,Camp Militaire,,14.631403,-61.030788,0,10529,0
10528,FAVORI,La Favorite,,14.633814,-61.033865,1,,0
21358,2607,La Favorite,,14.633732,-61.033986,0,10528,0
10187,GLOUGL,Glouglou,,14.630817,-61.037288,1,,0
20904,2020,Glouglou,,14.631002,-61.037100,0,10187,0
10186,CEDRA,Cedrat,,14.630110,-61.038968,1,,0
20905,2021,Cedrat,,14.630196,-61.038959,0,10186,0
10183,CROIMEY,Croisée Meynard,,14.627700,-61.039939,1,,0
20908,2024,Croisée Meynard,,14.627665,-61.040007,0,10183,0
10243,CRME,Croisee Meynard 2Pv,,14.627776,-61.040897,1,,0
20310,1174,Croisee Meynard 2Pv,,14.627720,-61.040743,0,10243,0
10244,VOIVIL,Voie De Ville,,14.629687,-61.041479,1,,0
20311,1175,Voie De Ville,,14.629687,-61.041479,0,10244,0
10245,PRESTIG,Prestige,,14.633054,-61.040796,1,,0
20312,1176,Prestige,,14.632949,-61.040753,0,10245,0
10246,CTS,C T S,,14.635569,-61.040108,1,,0
20313,1177,C T S,,14.635578,-61.040043,0,10246,0
10850,MFME2,MFME,,14.635293,-61.036984,1,,0
21526,21130,MFME,,14.635293,-61.036984,0,10850,0
10247,CEGMEYN,Collège Meynard La Joyau,,14.636627,-61.040088,1,,0
20314,1178,Collège Meynard La Joyau,,14.636469,-61.040050,0,10247,0
10248,BEAUSEJ,Beauséjour,,14.638357,-61.040680,1,,0
20315,1179,Beauséjour,,14.638616,-61.040751,0,10248,0
10249,CRIQUET,Criquet,,14.640673,-61.042107,1,,0
20316,1180,Criquet,,14.640931,-61.042175,0,10249,0
10250,EVERGLA,Everglades,,14.643179,-61.043511,1,,0
20317,1181,Everglades,,14.642963,-61.043362,0,10250,0
10251,MONSR,Monsieur,,14.645884,-61.044231,1,,0
20318,1182,Monsieur,,14.645641,-61.044194,0,10251,0
10885,CRJAMB2,Croisée Jambette  2Pv,,14.653283,-61.039628,1,,0
21304,2544,Croisée Jambette  2Pv,,14.653283,-61.039628,0,10885,0
10671,BOIDIND,Bois D'inde,,14.656229,-61.042433,1,,0
20759,1787,Bois D'inde,,14.656377,-61.042529,0,10671,0
10672,PAPAY,Papayer,,14.659615,-61.044634,1,,0
20760,1788,Papayer,,14.659735,-61.044815,0,10672,0
10673,CRABRI2,Croisée Abricot 2Pv,,14.660768,-61.045493,1,,0
20761,1789,Croisée Abricot 2Pv,,14.660873,-61.045503,0,10673,0
10656,CAROC,Carocali,,14.666014,-61.047313,1,,0
20741,1764,Carocali,,14.665478,-61.046745,0,10656,0
10657,FLEURY,Fleury,,14.668312,-61.048191,1,,0
20742,1765,Fleury,,14.668226,-61.048079,0,10657,0
10658,MNEPOIR,Morne Poirier Bois Du Parc,,14.669942,-61.048885,1,,0
20743,1766,Morne Poirier Bois Du Parc,,14.669834,-61.048839,0,10658,0
10659,GOUTIER,La Goutiere,,14.671398,-61.046440,1,,0
20744,1767,La Goutiere,,14.671201,-61.046555,0,10659,0
10660,PMECAN,Pomme Cannelle,,14.672504,-61.045587,1,,0
20745,1768,Pomme Cannelle,,14.672559,-61.045552,0,10660,0
10478,EPHAD,Ephad de Saint Joseph,,14.672550,-61.044610,1,,0
20550,1427,Ephad de Saint Joseph,,14.672550,-61.044610,0,10478,0
10479,ROBLON,Romain Blondet,,14.672412,-61.044137,1,,0
20551,1428,Romain Blondet,,14.672412,-61.044137,0,10479,0
10661,FRAISAU,Fraise Sauvage,,14.674304,-61.045101,1,,0
20746,1769,Fraise Sauvage,,14.674504,-61.044889,0,10661,0
10662,SEAILLE,Séaille,,14.673315,-61.042288,1,,0
20747,1770,Séaille,,14.673274,-61.042363,0,10662,0
10663,ROSIERE,Rosière,,14.672121,-61.041067,1,,0
20748,1771,Rosière,,14.671947,-61.041249,0,10663,0
21285,2525,Rosière,,14.672295,-61.040885,0,10663,0
21286,2526,Séaille,,14.673356,-61.042214,0,10662,0
21287,2527,Fraise Sauvage,,14.674103,-61.045312,0,10661,0
21288,2528,Pomme Cannelle,,14.672449,-61.045623,0,10660,0
21289,2529,La Goutiere,,14.671596,-61.046325,0,10659,0
21406,2673,Morne Poirier Bois Du Parc,,14.670050,-61.048931,0,10658,0
21291,2531,Fleury,,14.668398,-61.048303,0,10657,0
21408,2675,Carocali,,14.666549,-61.047880,0,10656,0
10655,CRABRIC,Croisee Abricot,,14.661082,-61.045697,1,,0
21400,2657,Croisee Abricot,,14.661326,-61.045717,0,10655,0
21402,2662,Croisée Abricot 2Pv,,14.660663,-61.045484,0,10673,0
21403,2663,Papayer,,14.659495,-61.044452,0,10672,0
21302,2542,Bois D'inde,,14.656081,-61.042337,0,10671,0
10670,COCOT,Cocotier,,14.666173,-61.044885,1,,0
21398,2655,Cocotier,,14.654597,-61.040461,0,10670,0
20952,2096,Monsieur,,14.646126,-61.044268,0,10251,0
20953,2097,Everglades,,14.643394,-61.043660,0,10250,0
20954,2098,Criquet,,14.640414,-61.042039,0,10249,0
20955,2099,Beauséjour,,14.638098,-61.040609,0,10248,0
20956,2100,Collège Meynard La Joyau,,14.636784,-61.040126,0,10247,0
20957,2101,C T S,,14.635559,-61.040173,0,10246,0
20958,2102,Prestige,,14.633159,-61.040840,0,10245,0
10816,GIRVVIL,Giratoire Voie De Ville,,14.630355,-61.041372,1,,0
20959,2103,Giratoire Voie De Ville,,14.630355,-61.041372,0,10816,0
20960,2104,Croisee Meynard 2Pv,,14.627831,-61.041050,0,10243,0
20246,1035,Croisée Meynard,,14.627736,-61.039870,0,10183,0
20249,1039,Cedrat,,14.630024,-61.038978,0,10186,0
20250,1040,Glouglou,,14.630632,-61.037476,0,10187,0
10527,BOIBOY,Bois Boyer,,14.632808,-61.035145,1,,0
20601,1490,Bois Boyer,,14.632808,-61.035145,0,10527,0
10669,CPMILIT,Camp Militaire,,14.631377,-61.030922,1,,0
20756,1782,Camp Militaire,,14.631377,-61.030922,0,10669,0
10668,MANGUI,Manguier,,14.654283,-61.033004,1,,0
20755,1781,Manguier,,14.630218,-61.028828,0,10668,0
20754,1780,Le Vilain,,14.628546,-61.027589,0,10667,0
10548,FLAMNAI,Flamboyant Nain,,14.627064,-61.025890,1,,0
20623,1518,Flamboyant Nain,,14.626695,-61.025649,0,10548,0
20581,1466,Gondeau 3,,14.624656,-61.024515,0,10507,0
10547,PLSPORT,Plateau Sportif,,14.622572,-61.024047,1,,0
20624,1520,Plateau Sportif,,14.622693,-61.024101,0,10547,0
20625,1521,Bambous,,14.621804,-61.022156,0,10549,0
10510,GIRACA2,Giratoire Acajou 2,,14.621353,-61.019726,1,,0
20752,1775,Giratoire Acajou 2,,14.621568,-61.020154,0,10510,0
10131,MOUT,Fontaine Moutte PV,,14.633379,-61.047301,1,,0
20183,2038,Fontaine Moutte PV,,14.633400,-61.047312,0,10131,0
10132,MOUT7,Moutte 7PV,,14.631809,-61.047507,1,,0
20185,2039,Moutte 7PV,,14.631809,-61.047507,0,10132,0
10160,SROUCH,Serge Rouch,,14.630342,-61.048682,1,,0
20216,2040,Serge Rouch,,14.630460,-61.048624,0,10160,0
10126,MANGUIE,Manguiers,,14.628159,-61.048995,1,,0
20176,2041,Manguiers,,14.628307,-61.048977,0,10126,0
10137,MOUTTE6,Moutte 6PV,,14.626197,-61.049765,1,,0
20190,2042,Moutte 6PV,,14.626197,-61.049765,0,10137,0
10136,MOUTTE5,Moutte 5PV,,14.624181,-61.051105,1,,0
20189,2043,Moutte 5PV,,14.624181,-61.051105,0,10136,0
10135,MOUTTE4,Moutte 4Pv,,14.622859,-61.052142,1,,0
20188,2044,Moutte 4Pv,,14.622859,-61.052142,0,10135,0
10134,MOUTTE3,Moutte 3Pv,,14.622411,-61.053099,1,,0
20187,2045,Moutte 3Pv,,14.622411,-61.053099,0,10134,0
10133,MOUTTE2,Moutte 2Pv,,14.621323,-61.054846,1,,0
20186,2046,Moutte 2Pv,,14.621323,-61.054846,0,10133,0
10095,DLONDAS,Daniel Londas,,14.618162,-61.056731,1,,0
20140,2047,Daniel Londas,,14.618162,-61.056731,0,10095,0
10166,TOBO,Toboggan,,14.616751,-61.057665,1,,0
20223,2048,Toboggan,,14.616421,-61.057903,0,10166,0
10167,TRESPUB,Trésor Public,,14.615004,-61.058889,1,,0
20225,2049,Trésor Public,,14.615009,-61.058927,0,10167,0
10113,HORIZON,Horizon,,14.612774,-61.059754,1,,0
20161,2050,Horizon,,14.612557,-61.059832,0,10113,0
10130,MORIJA,Morija,,14.611252,-61.059921,1,,0
20182,2051,Morija,,14.611352,-61.059944,0,10130,0
10080,BONAIR,Bon Air,,14.609663,-61.060074,1,,0
20122,2052,Bon Air,,14.609473,-61.060178,0,10080,0
10083,CENCULT,Centre Culturel André Aliker,,14.607423,-61.060286,1,,0
20126,1107,Centre Culturel André Aliker,,14.607423,-61.060286,0,10083,0
10102,ELONIS,Emile Lonis,,14.605930,-61.060967,1,,0
20149,1108,Emile Lonis,,14.605930,-61.060967,0,10102,0
10109,HAPO,Baliste,,14.605852,-61.061936,1,,0
20157,1109,Baliste,,14.605852,-61.061936,0,10109,0
10111,HAUTPOR,Hauts Du Port 4Pv,,14.605139,-61.062195,1,,0
20159,1110,Hauts Du Port 4Pv,,14.605139,-61.062195,0,10111,0
10094,DESIRAD,Désirade,,14.604521,-61.062124,1,,0
20139,1111,Désirade,,14.604521,-61.062124,0,10094,0
10123,LEPORT,Le Port Pv,,14.603968,-61.061822,1,,0
20172,1982,Le Port Pv,,14.603968,-61.061822,0,10123,0
20125,2687,Cacem,,14.604150,-61.063700,0,10082,0
10153,RELIGI,Religieuses,,14.604811,-61.063560,1,,0
20209,1088,Religieuses,,14.604811,-61.063560,0,10153,0
10078,BATELIE,Bateliers,,14.606461,-61.062542,1,,0
20120,1089,Bateliers,,14.606375,-61.062609,0,10078,0
10105,FLEPEE,Fleur d'épée,,14.604673,-61.061270,1,,0
20152,1112,Fleur d'épée,,14.604673,-61.061270,0,10105,0
10169,TUFFB,Tuff B,,14.606201,-61.060495,1,,0
20227,1113,Tuff B,,14.606201,-61.060495,0,10169,0
10129,MNEPICH,Morne Pichevin,,14.607773,-61.060288,1,,0
20181,1114,Morne Pichevin,,14.607773,-61.060288,0,10129,0
10157,SCIERIE,La Scierie,,14.608885,-61.060386,1,,0
20213,1148,La Scierie,,14.608885,-61.060386,0,10157,0
10087,CITBONA,Cité Bon Air,,14.610099,-61.059844,1,,0
20130,1116,Cité Bon Air,,14.610099,-61.059844,0,10087,0
20162,1091,Horizon,,14.612991,-61.059676,0,10113,0
10152,RAVBOUI,Ravine Bouillée,,14.614090,-61.059315,1,,0
20208,1092,Ravine Bouillée,,14.614090,-61.059315,0,10152,0
20226,1093,Trésor Public,,14.614999,-61.058851,0,10167,0
20224,1094,Toboggan,,14.617081,-61.057427,0,10166,0
10089,CRENTRA,Croisee Entraide Moutte 1Pv,,14.618016,-61.056888,1,,0
20133,1095,Croisee Entraide Moutte 1Pv,,14.618016,-61.056888,0,10089,0
10114,IMPCOLL,Impasse des Collégiens,,14.621028,-61.054961,1,,0
20163,1096,Impasse des Collégiens,,14.621028,-61.054961,0,10114,0
10150,PSCMAIN,Passage du coeur sur la main,,14.622333,-61.053282,1,,0
20206,1097,Passage du coeur sur la main,,14.622333,-61.053282,0,10150,0
10121,LDOMERG,Louis Domergue,,14.622874,-61.051966,1,,0
20170,1098,Louis Domergue,,14.622874,-61.051966,0,10121,0
10143,OREEPAR,Orée du parc,,14.624312,-61.051017,1,,0
20197,1099,Orée du parc,,14.624312,-61.051017,0,10143,0
10142,ONF,ONF,,14.625572,-61.050250,1,,0
20196,1100,ONF,,14.625572,-61.050250,0,10142,0
20177,1101,Manguiers,,14.628011,-61.049013,0,10126,0
20217,1102,Serge Rouch,,14.630223,-61.048739,0,10160,0
10120,LARUCHE,La Ruche,,14.632076,-61.047358,1,,0
20169,1103,La Ruche,,14.632076,-61.047358,0,10120,0
20184,1104,Fontaine Moutte PV,,14.633358,-61.047290,0,10131,0
10185,CHME,Chru La Meynard,,14.631616,-61.039758,1,,0
20248,1037,Chru La Meynard,,14.631576,-61.039738,0,10185,0
10188,MFME,M F M E Chu,,14.635175,-61.036668,1,,0
20251,1041,M F M E Chu,,14.635175,-61.036668,0,10188,0
20602,1491,La Favorite,,14.633897,-61.033744,0,10528,0
20603,1492,Camp Militaire,,14.631397,-61.031117,0,10529,0
10553,CANASUC,Canne A Sucre,,14.658844,-61.030565,1,,0
21391,2647,Canne A Sucre,,14.639934,-61.032653,0,10553,0
10554,CAMPECH,Campeche,,14.642734,-61.033818,1,,0
20633,1532,Campeche,,14.643321,-61.034001,0,10554,0
10555,BOUGAIN,Bougainvillier,,14.655845,-61.025811,1,,0
20634,1533,Bougainvillier,,14.646618,-61.035605,0,10555,0
10556,PALMIER,Palmier,,14.662998,-61.041084,1,,0
21389,2645,Palmier,,14.649398,-61.036063,0,10556,0
10557,FILAO,Filao,,14.650708,-61.041840,1,,0
20636,1535,Filao,,14.650594,-61.036839,0,10557,0
10558,JAGO,Croisee Jambette Gondeau 1pv,,14.652644,-61.038823,1,,0
20637,1536,Croisee Jambette Gondeau 1pv,,14.652829,-61.039016,0,10558,0
10559,ARBOUSE,Arbouse,,14.653204,-61.038791,1,,0
20638,1537,Arbouse,,14.653291,-61.038675,0,10559,0
10560,CALIME,Calimero,,14.653329,-61.036897,1,,0
20639,1538,Calimero,,14.653329,-61.036897,0,10560,0
10561,ARONIA,Aronia,,14.653430,-61.035154,1,,0
20640,1539,Aronia,,14.653398,-61.035319,0,10561,0
10562,MONROS,Monrose,,14.652684,-61.030817,1,,0
20641,1540,Monrose,,14.652582,-61.030685,0,10562,0
10563,BIBACE,Bibace,,14.652168,-61.029252,1,,0
20642,1541,Bibace,,14.652200,-61.029397,0,10563,0
10564,FDEPIN,Fond Epingles,,14.651207,-61.026798,1,,0
20643,1542,Fond Epingles,,14.651224,-61.026978,0,10564,0
10565,SOUDES,Soudes,,14.648169,-61.024111,1,,0
20644,1543,Soudes,,14.648275,-61.024175,0,10565,0
10566,TREIZE,La Treize,,14.646103,-61.023262,1,,0
20645,1544,La Treize,,14.646168,-61.023306,0,10566,0
10567,LAHAUT,La Haut,,14.644195,-61.023425,1,,0
20646,1545,La Haut,,14.644322,-61.023438,0,10567,0
10568,GERVA,Gervaise,,14.642356,-61.023505,1,,0
20647,1546,Gervaise,,14.642195,-61.023433,0,10568,0
10569,GUIMAU2,Guimauve 2Pv,,14.640706,-61.022435,1,,0
20648,1547,Guimauve 2Pv,,14.640706,-61.022435,0,10569,0
10570,CLEMEN,Clemencin,,14.638721,-61.021050,1,,0
20649,1548,Clemencin,,14.638400,-61.021013,0,10570,0
10534,CRPA,Croisée Palmiste 2Pv,,14.636213,-61.020721,1,,0
20650,1549,Croisée Palmiste 2Pv,,14.636463,-61.020934,0,10534,0
20608,1497,Croisée Palmiste 2Pv,,14.635727,-61.020364,0,10534,0
10535,LABRISE,La Brise,,14.634440,-61.017928,1,,0
20609,1498,La Brise,,14.634360,-61.017745,0,10535,0
10536,MARLY,Resid Marly,,14.634308,-61.014984,1,,0
20610,1499,Resid Marly,,14.634306,-61.014922,0,10536,0
10537,PAYMEL3,Pays Mélé,,14.633784,-61.013127,1,,0
20611,1500,Pays Mélé,,14.633866,-61.013204,0,10537,0
10538,JEARC3,Jeanne D'arc V3,,14.633131,-61.011822,1,,0
20612,1501,Jeanne D'arc V3,,14.633101,-61.011824,0,10538,0
10539,JEARC1,Jeanne D'arc V1,,14.630353,-61.009776,1,,0
20613,1502,Jeanne D'arc V1,,14.630262,-61.009720,0,10539,0
21319,2563,Collège Petit Manoir,,14.612592,-60.997468,0,10524,0
10895,JAHIBIS,Jeanne D'arc Hibiscus 1Pv,,14.629339,-61.008456,1,,0
21346,2594,Jeanne D'arc Hibiscus 1Pv,,14.629339,-61.008456,0,10895,0
21347,2595,Jeanne D'arc V1,,14.630444,-61.009831,0,10539,0
10896,JEARC2,Jeanne D'arc V2,,14.631925,-61.010585,1,,0
21348,2596,Jeanne D'arc V2,,14.631925,-61.010585,0,10896,0
21349,2597,Jeanne D'arc V3,,14.633161,-61.011821,0,10538,0
21350,2598,Pays Mélé,,14.633702,-61.013051,0,10537,0
21351,2599,Resid Marly,,14.634310,-61.015046,0,10536,0
21352,2600,La Brise,,14.634520,-61.018112,0,10535,0
21394,2650,Croisée Palmiste 2Pv,,14.636449,-61.020865,0,10534,0
21375,2631,Clemencin,,14.639042,-61.021086,0,10570,0
10899,SCEJULI,Source Julienne,,14.640949,-61.022554,1,,0
21376,2632,Source Julienne,,14.640949,-61.022554,0,10899,0
21377,2633,Gervaise,,14.642518,-61.023576,0,10568,0
21378,2634,La Haut,,14.644067,-61.023412,0,10567,0
21379,2635,La Treize,,14.646038,-61.023218,0,10566,0
21380,2636,Soudes,,14.648064,-61.024047,0,10565,0
21381,2637,Fond Epingles,,14.651189,-61.026619,0,10564,0
21382,2638,Bibace,,14.652136,-61.029108,0,10563,0
21383,2639,Monrose,,14.652787,-61.030950,0,10562,0
21384,2640,Aronia,,14.653462,-61.034989,0,10561,0
10900,DESGAT,Desgates,,14.653614,-61.037123,1,,0
21385,2641,Desgates,,14.653614,-61.037123,0,10900,0
21386,2642,Arbouse,,14.653117,-61.038907,0,10559,0
21387,2643,Croisee Jambette Gondeau 1pv,,14.652459,-61.038631,0,10558,0
21388,2644,Filao,,14.650703,-61.037044,0,10557,0
21390,2646,Campeche,,14.642148,-61.033635,0,10554,0
10901,AMAND,Amandier,,14.632358,-61.030923,1,,0
21393,2649,Amandier,,14.632358,-61.030923,0,10901,0
10184,MADRIG,Madrigal,,14.628835,-61.039538,1,,0
20247,1036,Madrigal,,14.628835,-61.039538,0,10184,0
10191,HELISTA,Helistation La Meynard,,14.632367,-61.037688,1,,0
20255,1069,Helistation La Meynard,,14.632367,-61.037688,0,10191,0
20907,2023,Chru La Meynard,,14.631657,-61.039777,0,10185,0
10242,LABE,Velasquez,,14.625799,-61.062961,1,,0
20929,2073,Velasquez,,14.625697,-61.062821,0,10242,0
10808,RAFFET,Raffet,,14.625977,-61.063563,1,,0
20930,2074,Raffet,,14.625977,-61.063563,0,10808,0
10240,CEZANN,Cezanne,,14.626671,-61.064081,1,,0
20931,2075,Cezanne,,14.626667,-61.064216,0,10240,0
10809,LANGEL2,Langellier 2Pv,,14.625924,-61.064459,1,,0
20932,2076,Langellier 2Pv,,14.625924,-61.064459,0,10809,0
10239,PICASS,Picasso,,14.625421,-61.064658,1,,0
20933,2077,Picasso,,14.625243,-61.064798,0,10239,0
10810,LANGEL3,Langellier 3Pv,,14.626168,-61.065127,1,,0
20934,2078,Langellier 3Pv,,14.626168,-61.065127,0,10810,0
10237,ALAML10,Alamandas,,14.628234,-61.064246,1,,0
20935,2079,Alamandas,,14.628108,-61.064350,0,10237,0
10236,TOURNAN,Le Tournant,,14.630373,-61.063249,1,,0
20936,2080,Le Tournant,,14.630136,-61.063356,0,10236,0
10235,BELPOU,Morne A L'eau,,14.630899,-61.061474,1,,0
20937,2081,Morne A L'eau,,14.630892,-61.061266,0,10235,0
10234,NADEAU,Osman Nadeau,,14.630862,-61.060540,1,,0
20938,2082,Osman Nadeau,,14.630854,-61.060659,0,10234,0
20301,1164,Osman Nadeau,,14.630871,-61.060420,0,10234,0
20302,1165,Morne A L'eau,,14.630907,-61.061682,0,10235,0
20303,1166,Le Tournant,,14.630610,-61.063141,0,10236,0
20304,1167,Alamandas,,14.628360,-61.064142,0,10237,0
10238,LANGEL,Langellier Pv,,14.626277,-61.065265,1,,0
20305,1168,Langellier Pv,,14.626277,-61.065265,0,10238,0
20306,1169,Picasso,,14.625599,-61.064517,0,10239,0
20307,1170,Cezanne,,14.626675,-61.063945,0,10240,0
10241,MIRO,Miro,,14.625919,-61.063454,1,,0
20308,1171,Miro,,14.625919,-61.063454,0,10241,0
20309,1172,Velasquez,,14.625900,-61.063100,0,10242,0
10506,MONTEOL,Montéol,,14.657450,-60.979947,1,,0
21492,2802,Montéol,,14.657443,-60.980014,0,10506,0
10588,TREFLE,Trèfle,,14.658704,-60.980874,1,,0
21493,2803,Trèfle,,14.658824,-60.981060,0,10588,0
10587,ALTAMI,Altamira,,14.659683,-60.982368,1,,0
21494,2804,Altamira,,14.659736,-60.982480,0,10587,0
10586,RESORCI,Résidence Orchidées,,14.662827,-60.983624,1,,0
21495,2805,Résidence Orchidées,,14.662829,-60.983663,0,10586,0
10934,CHVILLA,Chemin Village,,14.664733,-60.984967,1,,0
21496,2806,Chemin Village,,14.664733,-60.984967,0,10934,0
10584,CRBEAUV,Croisée Beauvais,,14.670640,-60.978704,1,,0
21497,2807,Croisée Beauvais,,14.670716,-60.978679,0,10584,0
10480,LEPONT,Le Pont,,14.672643,-60.987434,1,,0
21500,2810,Le Pont,,14.672643,-60.987184,0,10480,0
10413,FARANDO,Farandole,,14.672467,-60.989057,1,,0
21501,2811,Farandole,,14.672489,-60.989053,0,10413,0
20579,25-131,Grand Champ 2,,14.655101,-60.989899,0,10505,0
20830,25-129,La désirade,,14.663466,-60.994408,0,11136,0
10502,PLAISAN,Plaisance,,14.671403,-60.989450,1,,0
20576,1460,Plaisance,,14.671403,-60.989450,0,10502,0
20482,1356,Farandole,,14.672445,-60.989061,0,10413,0
20552,1429,Le Pont,,14.672643,-60.987684,0,10480,0
20664,1575,Croisée Manzelle,,14.670692,-60.982599,0,10582,0
20666,1577,Croisée Beauvais,,14.670563,-60.978729,0,10584,0
20668,1579,Résidence Orchidées,,14.662824,-60.983584,0,10586,0
20669,1580,Altamira,,14.659631,-60.982255,0,10587,0
20670,1581,Trèfle,,14.658585,-60.980687,0,10588,0
20671,1582,Montéol,,14.657456,-60.979880,0,10506,0
10947,DUCH2,Duchesne 2,,14.637500,-60.957180,1,,0
21519,11224,Duchesne 2,,14.637500,-60.957180,0,10947,0
10946,DUCH1,Duchesne 1,,14.646260,-60.962650,1,,0
21518,11223,Duchesne 1,,14.646260,-60.962650,0,10946,0
10807,DUCHS,DUCHESNES S TERM 408,,14.647351,-60.954960,1,,0
21535,DUCHES,DUCHESNES S,,14.647351,-60.954960,0,10807,0
10780,ACAJ,Giratoire Acajou Nord,,14.626147,-61.018048,1,,0
20882,1981,Giratoire Acajou Nord,,14.626058,-61.018163,0,10780,0
10509,ACAJPRO,Acajou Prolongé,,14.622883,-61.018892,1,,0
20583,1469,Acajou Prolongé,,14.622997,-61.018891,0,10509,0
21336,2580,Giratoire Acajou 2,,14.621139,-61.019298,0,10510,0
10511,RVECHA,Resid Vecha,,14.621668,-61.016490,1,,0
20585,1471,Resid Vecha,,14.621639,-61.016563,0,10511,0
10512,RESVARI,Resid Varinia,,14.622757,-61.015816,1,,0
20586,1472,Resid Varinia,,14.622668,-61.015868,0,10512,0
10513,LTSTJAM,Lotiss St James,,14.624113,-61.015048,1,,0
20587,1473,Lotiss St James,,14.624234,-61.015010,0,10513,0
10514,RESORCH,Resid Les Orchidees,,14.626513,-61.012580,1,,0
20588,1474,Resid Les Orchidees,,14.626299,-61.012538,0,10514,0
10515,RESBODI,Resid Bois D'inde,,14.625213,-61.010627,1,,0
20589,1475,Resid Bois D'inde,,14.625368,-61.010881,0,10515,0
10516,CEG4,Collège,,14.622257,-61.009124,1,,0
20590,1476,Collège,,14.622156,-61.009068,0,10516,0
10517,BWASANT,Resid Bwa Santal,,14.621635,-61.007666,1,,0
20591,1477,Resid Bwa Santal,,14.621616,-61.007631,0,10517,0
21326,2570,Resid Bwa Santal,,14.621656,-61.007779,0,10517,0
21327,2571,Collège,,14.622359,-61.009180,0,10516,0
21328,2572,Resid Bois D'inde,,14.625058,-61.010373,0,10515,0
21329,2573,Resid Les Orchidees,,14.626727,-61.012621,0,10514,0
10889,OZAC,Lycee Acajou 2,,14.628984,-61.014718,1,,0
21330,2574,Lycee Acajou 2,,14.628984,-61.014718,0,10889,0
10890,RESEVA,Resid Evasion,,14.627623,-61.015095,1,,0
21331,2575,Resid Evasion,,14.627623,-61.015095,0,10890,0
10891,LYCAC1,Lycee Acajou 1,,14.626396,-61.015564,1,,0
21332,2576,Lycee Acajou 1,,14.626396,-61.015564,0,10891,0
21333,2577,Lotiss St James,,14.623993,-61.015086,0,10513,0
21334,2578,Resid Varinia,,14.622845,-61.015764,0,10512,0
21335,2579,Resid Vecha,,14.621697,-61.016417,0,10511,0
10779,GALL,Giratoire Galléria,,14.620156,-61.021827,1,,0
20881,1976,Giratoire Galléria,,14.620156,-61.021827,0,10779,0
21337,2581,Acajou Prolongé,,14.622769,-61.018892,0,10509,0
21482,2778,Giratoire Acajou Nord,,14.626235,-61.017932,0,10780,0
10746,MORN,EPICERIE PEPE,,14.632051,-60.953851,1,,0
21431,2707,EPICERIE PEPE,,14.631930,-60.953770,0,10746,0
10727,GBLO,Brasserie lorraine,,14.625225,-60.978341,1,,0
21412,2682,Brasserie lorraine,,14.625334,-60.978477,0,10727,0
20828,1897,Brasserie lorraine,,14.625117,-60.978206,0,10727,0
10743,RVROCAR,Ravine Roches Carrées,,14.621610,-60.964670,1,,0
20844,1924,Ravine Roches Carrées,,14.621610,-60.964670,0,10743,0
10935,BELO,Chemin Bellonie,,14.619581,-60.963100,1,,0
21506,3001,Chemin Bellonie,,14.619581,-60.963100,0,10935,0
10590,MORO,Morne Roches,,14.616060,-60.959138,1,,0
21505,2815,Morne Roches,,14.616280,-60.959070,0,10590,0
10745,YUNGHI,EPICERIE YUNG HING,,14.618720,-60.959470,1,,0
20846,1927,EPICERIE YUNG HING,,14.618720,-60.959470,0,10745,0
10744,CRCXRIV,Crèche Croix Rivail,,14.619125,-60.961139,1,,0
20845,1926,Crèche Croix Rivail,,14.619120,-60.961088,0,10744,0
10747,RASUDES,Radio Sud Est,,14.625651,-60.949445,1,,0
21426,2702,Radio Sud Est,,14.625342,-60.949531,0,10747,0
10592,BEMP,Bel Air Morne Pitault,,14.611870,-60.945792,1,,0
21504,2814,Bel Air Morne Pitault,,14.611870,-60.946050,0,10592,0
10591,EPLAUZE,Epicerie Lauzea,,14.607607,-60.947345,1,,0
21502,2812,Epicerie Lauzea,,14.607681,-60.947605,0,10591,0
10732,FREDEE,FREDEE,,14.611650,-60.955280,1,,0
21427,2703,FREDEE,,14.611650,-60.955280,0,10732,0
10733,LAMICH,La Michele,,14.613555,-60.956890,1,,0
21428,2704,La Michele,,14.613660,-60.956940,0,10733,0
21424,2699,Crèche Croix Rivail,,14.619130,-60.961190,0,10744,0
20673,1584,Morne Roches,,14.615841,-60.959206,0,10590,0
20834,1908,La Michele,,14.613450,-60.956840,0,10733,0
20674,1585,Epicerie Lauzea,,14.607533,-60.947085,0,10591,0
10749,MNELENF,Morne L'enfer,,14.608200,-60.946100,1,,0
20850,1931,Morne L'enfer,,14.608200,-60.946100,0,10749,0
20675,1586,Bel Air Morne Pitault,,14.611870,-60.945535,0,10592,0
20848,1929,Radio Sud Est,,14.625960,-60.949360,0,10747,0
20847,1928,EPICERIE PEPE,,14.632171,-60.953933,0,10746,0
10304,REFZ,Regal Sauveur,,14.647477,-61.052817,1,,0
20371,1244,Regal Sauveur,,14.647480,-61.052845,0,10304,0
10303,ASTORIA,Astorias,,14.645467,-61.053211,1,,0
20990,2140,Astorias,,14.645294,-61.053311,0,10303,0
10302,MNESURE,Morne Surey,,14.644113,-61.053095,1,,0
20991,2141,Morne Surey,,14.644263,-61.053123,0,10302,0
10821,CHARMIL,Les Charmilles,,14.642074,-61.053264,1,,0
20992,2142,Les Charmilles,,14.642074,-61.053264,0,10821,0
10300,CRDA,D'abadie,,14.640235,-61.053542,1,,0
20993,2143,D'abadie,,14.640209,-61.053804,0,10300,0
10299,OLYMPIA,Olympiades,,14.639504,-61.054957,1,,0
20994,2144,Olympiades,,14.639490,-61.055023,0,10299,0
10283,TUILROS,Tuiles Roses,,14.634200,-61.054466,1,,0
20984,2134,Tuiles Roses,,14.634125,-61.054439,0,10283,0
10282,EGRD,Eglise,,14.632293,-61.054129,1,,0
20985,2135,Eglise,,14.632064,-61.054172,0,10282,0
10281,FRUSTAL,F.Rustal,,14.630357,-61.055051,1,,0
20986,2136,F.Rustal,,14.630204,-61.055165,0,10281,0
10280,BATTERI,Batterie,,14.628696,-61.056229,1,,0
20987,2137,Batterie,,14.628554,-61.056347,0,10280,0
10296,ALBATRO,Albatros,,14.626513,-61.056050,1,,0
20996,2146,Albatros,,14.626443,-61.056008,0,10296,0
10295,LAFLAQ,La Flaque,,14.625310,-61.055070,1,,0
20997,2147,La Flaque,,14.625409,-61.055188,0,10295,0
10294,CGCORID,CES Coridon,,14.622420,-61.055495,1,,0
20998,2148,CES Coridon,,14.622523,-61.055492,0,10294,0
10293,CORIDN4,Coridon 4Pv,,14.622252,-61.056725,1,,0
20999,2149,Coridon 4Pv,,14.622269,-61.056982,0,10293,0
10292,CORIDN3,Coridon 3Pv,,14.622738,-61.058213,1,,0
21000,2150,Coridon 3Pv,,14.622697,-61.058077,0,10292,0
10291,CORIDN2,Coridon 2Pv,,14.622898,-61.060081,1,,0
21001,2151,Coridon 2Pv,,14.622824,-61.060274,0,10291,0
20358,1231,Coridon 2Pv,,14.622973,-61.059889,0,10291,0
20359,1232,Coridon 3Pv,,14.622779,-61.058349,0,10292,0
20360,1233,Coridon 4Pv,,14.622236,-61.056467,0,10293,0
20361,1234,CES Coridon,,14.622317,-61.055497,0,10294,0
20362,1235,La Flaque,,14.625210,-61.054952,0,10295,0
20363,1236,Albatros,,14.626584,-61.056092,0,10296,0
10297,AMEP,L'amep,,14.627872,-61.057061,1,,0
20364,1237,L'amep,,14.627872,-61.057061,0,10297,0
20347,1218,Batterie,,14.628838,-61.056111,0,10280,0
20348,1219,F.Rustal,,14.630510,-61.054937,0,10281,0
20349,1220,Eglise,,14.632523,-61.054086,0,10282,0
20350,1221,Tuiles Roses,,14.634276,-61.054493,0,10283,0
20366,1239,Olympiades,,14.639517,-61.054891,0,10299,0
20367,1240,D'abadie,,14.640260,-61.053281,0,10300,0
10301,SURVY,La Survy,,14.642433,-61.052897,1,,0
20368,1241,La Survy,,14.642433,-61.052897,0,10301,0
20369,1242,Morne Surey,,14.643964,-61.053067,0,10302,0
20370,1243,Astorias,,14.645641,-61.053111,0,10303,0
10366,SACO,Sacré Coeur Pv,,14.649547,-61.079253,1,,0
21053,2203,Sacré Coeur Pv,,14.649490,-61.079312,0,10366,0
10365,CRETECO,Crete Coq Pv,,14.647718,-61.076897,1,,0
21054,2204,Crete Coq Pv,,14.647625,-61.076890,0,10365,0
10364,PLATE2,Le Plateau 2Pv,,14.646059,-61.075310,1,,0
21055,2205,Le Plateau 2Pv,,14.646152,-61.075499,0,10364,0
10363,PLATE,Le Plateau Pv,,14.645422,-61.073895,1,,0
21056,2206,Le Plateau Pv,,14.645517,-61.074039,0,10363,0
10362,MUGUET,Les Muguets Pv,,14.644769,-61.072925,1,,0
21057,2207,Les Muguets Pv,,14.644736,-61.072853,0,10362,0
10361,CARAMBO,Carambole Pv,,14.643725,-61.071719,1,,0
21058,2208,Carambole Pv,,14.643984,-61.071767,0,10361,0
10828,CROITIV,Croisee Tivoli M Laurent Pv,,14.642936,-61.071372,1,,0
21059,2209,Croisee Tivoli M Laurent Pv,,14.642936,-61.071372,0,10828,0
10360,HSTELT,Henri Stelte Pv,,14.641942,-61.071222,1,,0
21060,2210,Henri Stelte Pv,,14.641797,-61.071117,0,10360,0
10359,FEGA,F Gaboly Pv,,14.640504,-61.071032,1,,0
21061,2211,F Gaboly Pv,,14.640346,-61.070991,0,10359,0
10358,EGLANTI,Eglantine Pv,,14.638492,-61.071511,1,,0
21062,2212,Eglantine Pv,,14.638168,-61.071615,0,10358,0
10348,FONT,La Fontane,,14.634981,-61.072479,1,,0
21040,2190,La Fontane,,14.634949,-61.072499,0,10348,0
10347,EVENTE,L'eventé,,14.632348,-61.073306,1,,0
21041,2191,L'eventé,,14.632471,-61.073328,0,10347,0
10346,PEROQVE,Perroquet Vert,,14.631234,-61.072752,1,,0
21042,2192,Perroquet Vert,,14.631135,-61.072675,0,10346,0
10345,BALAT2,Balata 2Pv,,14.629541,-61.072356,1,,0
21043,2193,Balata 2Pv,,14.630105,-61.072472,0,10345,0
10344,CLSSTAN,Le Clos Saint Antoine,,14.628053,-61.072693,1,,0
21044,2194,Le Clos Saint Antoine,,14.628197,-61.072674,0,10344,0
10343,LOTSTAN,Lot St Antoine,,14.626138,-61.072636,1,,0
21045,2195,Lot St Antoine,,14.625898,-61.072563,0,10343,0
10820,TERSAIN,Terresainville 1Pv,,14.608083,-61.069882,1,,0
20973,2117,Terresainville 1Pv,,14.608083,-61.069882,0,10820,0
20976,2126,Gare Aliker Paul Langevin,,14.608996,-61.071331,0,10264,0
20411,1285,Lot St Antoine,,14.626378,-61.072708,0,10343,0
20412,1286,Le Clos Saint Antoine,,14.627909,-61.072711,0,10344,0
20413,1287,Balata 2Pv,,14.628976,-61.072239,0,10345,0
20414,1288,Perroquet Vert,,14.631332,-61.072830,0,10346,0
20415,1289,L'eventé,,14.632226,-61.073284,0,10347,0
20416,1290,La Fontane,,14.635012,-61.072458,0,10348,0
20426,1300,Eglantine Pv,,14.638817,-61.071406,0,10358,0
20427,1301,F Gaboly Pv,,14.640663,-61.071073,0,10359,0
20428,1302,Henri Stelte Pv,,14.642087,-61.071326,0,10360,0
20429,1303,Carambole Pv,,14.643466,-61.071671,0,10361,0
20430,1304,Les Muguets Pv,,14.644802,-61.072997,0,10362,0
20431,1305,Le Plateau Pv,,14.645326,-61.073752,0,10363,0
20432,1306,Le Plateau 2Pv,,14.645966,-61.075121,0,10364,0
20433,1307,Crete Coq Pv,,14.647811,-61.076903,0,10365,0
10412,CRMLAU,Croisee Morne Laurent Pv,,14.648854,-61.078317,1,,0
21117,2270,Croisee Morne Laurent Pv,,14.649127,-61.078103,0,10412,0
20434,1308,Sacré Coeur Pv,,14.649604,-61.079194,0,10366,0
10830,RODAT,Rodate Pv,,14.662622,-61.075433,1,,0
21079,2229,Rodate Pv,,14.662622,-61.075433,0,10830,0
10831,RODAT2,Rodate 2Pv,,14.660472,-61.074841,1,,0
21080,2230,Rodate 2Pv,,14.660472,-61.074841,0,10831,0
10832,RODAT3,Rodate 3Pv,,14.659447,-61.074088,1,,0
21081,2231,Rodate 3Pv,,14.659447,-61.074088,0,10832,0
10833,RODAT4,Rodate 4Pv,,14.658361,-61.073885,1,,0
21082,2232,Rodate 4Pv,,14.658361,-61.073885,0,10833,0
10834,RODAT5,Rodate 5Pv,,14.656640,-61.074154,1,,0
21083,2233,Rodate 5Pv,,14.656640,-61.074154,0,10834,0
10835,RODAT6,Rodate 6Pv,,14.654890,-61.073557,1,,0
21084,2234,Rodate 6Pv,,14.654890,-61.073557,0,10835,0
10836,RODAT7,Rodate 7Pv,,14.654053,-61.073248,1,,0
21085,2235,Rodate 7Pv,,14.654053,-61.073248,0,10836,0
10837,RODAT8,Rodate 8Pv,,14.654454,-61.072211,1,,0
21086,2236,Rodate 8Pv,,14.654454,-61.072211,0,10837,0
10838,RODAT9,Rodate 9Pv,,14.651527,-61.072985,1,,0
21087,2237,Rodate 9Pv,,14.651527,-61.072985,0,10838,0
10839,RODAT10,Rodate 10Pv,,14.649650,-61.074198,1,,0
21088,2238,Rodate 10Pv,,14.649650,-61.074198,0,10839,0
10840,RODAT11,Rodate 11Pv,,14.647834,-61.073210,1,,0
21089,2239,Rodate 11Pv,,14.647834,-61.073210,0,10840,0
10382,POSCO,Poste Colon Pv,,14.641344,-61.070484,1,,0
20450,1324,Poste Colon Pv,,14.641344,-61.070484,0,10382,0
10383,POSCO2,Poste Colon 2Pv,,14.640390,-61.068493,1,,0
20451,1325,Poste Colon 2Pv,,14.640390,-61.068493,0,10383,0
10384,POSCO3,Poste Colon 3Pv,,14.642553,-61.067645,1,,0
20452,1326,Poste Colon 3Pv,,14.642553,-61.067645,0,10384,0
10385,POSCO4,Poste Colon 4Pv,,14.643958,-61.067474,1,,0
20453,1327,Poste Colon 4Pv,,14.643958,-61.067474,0,10385,0
10386,POSCO5,Poste Colon 5Pv,,14.644874,-61.067560,1,,0
20454,1328,Poste Colon 5Pv,,14.644874,-61.067560,0,10386,0
10387,POSCO6,Poste Colon 6Pv,,14.646610,-61.068875,1,,0
20455,1329,Poste Colon 6Pv,,14.646610,-61.068875,0,10387,0
10388,POSCO7,Poste Colon 7Pv,,14.648539,-61.070129,1,,0
20456,1330,Poste Colon 7Pv,,14.648539,-61.070129,0,10388,0
10389,POSCO8,Poste Colon 8Pv,,14.650235,-61.070201,1,,0
20457,1331,Poste Colon 8Pv,,14.650235,-61.070201,0,10389,0
10390,POSCO9,Poste Colon 9Pv,,14.655045,-61.067450,1,,0
20458,1332,Poste Colon 9Pv,,14.655045,-61.067450,0,10390,0
10391,POSCO10,Poste Colon 10Pv,,14.656679,-61.066813,1,,0
20459,1333,Poste Colon 10Pv,,14.656679,-61.066813,0,10391,0
10392,POSCO11,Poste Colon 11Pv,,14.661490,-61.070413,1,,0
20460,1334,Poste Colon 11Pv,,14.661490,-61.070413,0,10392,0
10948,SERAIL,SERAIL,,14.685538,-61.022491,1,,0
21530,21237,SERAIL,,14.685538,-61.022491,0,10948,0
10681,CHAPEL,Chapelle,,14.686602,-61.031833,1,,0
21224,2410,Chapelle,,14.682563,-61.019399,0,10681,0
10715,MNEBOS,Morne Bossu,,14.683707,-61.018759,1,,0
21225,2411,Morne Bossu,,14.683659,-61.018831,0,10715,0
10714,VALLEE,La Vallee,,14.683044,-61.016527,1,,0
21226,2412,La Vallee,,14.682898,-61.016303,0,10714,0
10949,RIVIES,RIVIERE ROCHE,,14.684424,-61.016135,1,,0
21531,21238,RIVIERE ROCHE,,14.684401,-61.016076,0,10949,0
10861,ENPRSQ,Entrée Presqu'ile,,14.677665,-61.016905,1,,0
21212,2387,Entrée Presqu'ile,,14.677665,-61.016905,0,10861,0
10717,FDDIRI,Fond Diri,,14.676591,-61.018432,1,,0
21211,2386,Fond Diri,,14.676687,-61.018286,0,10717,0
10718,PTRIVBL,Pont Riviere-Blanche,,14.675753,-61.018462,1,,0
21210,2385,Pont Riviere-Blanche,,14.675892,-61.018443,0,10718,0
10855,ALCHOCO,Allee Choco,,14.672564,-61.018627,1,,0
21202,2377,Allee Choco,,14.672564,-61.018627,0,10855,0
10720,CHOCO,Choco,,14.672846,-61.021296,1,,0
21201,2376,Choco,,14.672926,-61.021367,0,10720,0
21199,2374,Cité Luco,,14.673870,-61.026798,0,10573,0
20825,1886,Stade Henri Murano,,14.674165,-61.036290,0,10593,0
10854,CRMANSU,Croisee Manioc Sud,,14.672473,-61.022454,1,,0
21200,2375,Croisee Manioc Sud,,14.672473,-61.022454,0,10854,0
20820,1880,Choco,,14.672765,-61.021226,0,10720,0
10719,ALCHOC,Allee Choco,,14.672565,-61.018819,1,,0
20819,1879,Allee Choco,,14.672565,-61.018819,0,10719,0
20818,1878,Pont Riviere-Blanche,,14.675614,-61.018480,0,10718,0
20817,1877,Fond Diri,,14.676495,-61.018578,0,10717,0
20814,1874,Morne Bossu,,14.683755,-61.018686,0,10715,0
20813,1873,La Vallee,,14.683189,-61.016752,0,10714,0
21521,11238,RIVIERE ROCHE,,14.684447,-61.016194,0,10949,0
10856,PALMIE,Les Palmiers,,14.672123,-61.016448,1,,0
21203,2378,Les Palmiers,,14.672123,-61.016448,0,10856,0
10857,FIGUIER,Figuier,,14.671874,-61.012757,1,,0
21204,2379,Figuier,,14.671874,-61.012757,0,10857,0
10858,BANANE,Bananeraie,,14.669659,-61.010217,1,,0
21205,2380,Bananeraie,,14.669659,-61.010217,0,10858,0
10859,ARUMS,Les Arums,,14.669222,-61.008693,1,,0
21206,2381,Les Arums,,14.669222,-61.008693,0,10859,0
10862,DERMORN,Derriere Morne,,14.679089,-61.015972,1,,0
21213,2388,Derriere Morne,,14.679089,-61.015972,0,10862,0
10863,LACITE,La Cite,,14.679389,-61.010527,1,,0
21214,2389,La Cite,,14.679389,-61.010527,0,10863,0
10864,DELYON,Delyon,,14.677565,-61.008025,1,,0
21215,2390,Delyon,,14.677565,-61.008025,0,10864,0
10865,RIVBLAN,Riviere-Blanche,,14.676311,-61.005529,1,,0
21216,2391,Riviere-Blanche,,14.676311,-61.005529,0,10865,0
10866,ECOPRSQ,Ecole Presqu'ile,,14.675916,-61.004024,1,,0
21217,2392,Ecole Presqu'ile,,14.675850,-61.003900,0,10866,0
10867,CAPRESS,La Capresse,,14.676284,-61.001937,1,,0
21218,2393,La Capresse,,14.676257,-61.001854,0,10867,0
10868,VIELMAS,Vieille Masure,,14.674782,-60.999198,1,,0
21219,2394,Vieille Masure,,14.674782,-60.999198,0,10868,0
10869,PRES,La Croix,,14.674484,-60.998909,1,,0
21220,2395,La Croix,,14.674484,-60.998909,0,10869,0
21221,2397,La Capresse,,14.676310,-61.002021,0,10867,0
21222,2398,Ecole Presqu'ile,,14.675983,-61.004148,0,10866,0
20676,1587,Stade Henri Murano,,14.674113,-61.036250,0,10593,0
10783,LOURD,Lourdes,,14.678014,-61.036164,1,,0
20885,1985,Lourdes,,14.677999,-61.036119,0,10783,0
10687,GOYAV,Goyaviers,,14.679178,-61.037613,1,,0
20778,1829,Goyaviers,,14.679063,-61.037547,0,10687,0
10686,FOUGER,Fougeres,,14.680187,-61.039021,1,,0
20777,1828,Fougeres,,14.680187,-61.039021,0,10686,0
10685,COROSL,Corossol,,14.681673,-61.043298,1,,0
20776,1827,Corossol,,14.681460,-61.043430,0,10685,0
10684,MIRISE,Mirise,,14.683366,-61.043628,1,,0
20775,1826,Mirise,,14.683386,-61.043672,0,10684,0
10683,ROSEA,Les Roseaux,,14.685184,-61.044658,1,,0
20774,1825,Les Roseaux,,14.685138,-61.044729,0,10683,0
10682,OLIV,Les Olives,,14.685665,-61.046305,1,,0
20773,1824,Les Olives,,14.685584,-61.046221,0,10682,0
10298,LAFERM,La Ferme,,14.688519,-61.046869,1,,0
20772,1823,La Ferme,,14.688468,-61.046809,0,10298,0
10680,MOOL,Ecole Morne Des Olives,,14.688854,-61.041576,1,,0
21170,2345,Ecole Morne Des Olives,,14.688854,-61.041576,0,10680,0
21169,2344,Chapelle,,14.690640,-61.044267,0,10681,0
21168,2343,La Ferme,,14.688569,-61.046928,0,10298,0
21167,2342,Les Olives,,14.685747,-61.046389,0,10682,0
21166,2341,Les Roseaux,,14.685229,-61.044588,0,10683,0
21165,2340,Mirise,,14.683345,-61.043584,0,10684,0
21164,2339,Corossol,,14.681887,-61.043165,0,10685,0
21162,2337,Goyaviers,,14.679294,-61.037679,0,10687,0
21490,2787,Lourdes,,14.678030,-61.036210,0,10783,0
21195,2370,Stade Henri Murano,,14.674623,-61.036686,0,10593,0
20826,1887,Balisier,,14.672717,-61.038179,0,10725,0
10852,TOURNES,Tournesol,,14.674333,-61.042578,1,,0
21157,2317,Tournesol,,14.674333,-61.042578,0,10852,0
20787,1845,Mahogany,,14.675786,-61.046296,0,10320,0
20635,1534,Palmier,,14.676598,-61.046106,0,10556,0
20758,1786,Cocotier,,14.677748,-61.049309,0,10670,0
10706,ORANGR,Orangers,,14.673743,-61.039261,1,,0
20801,1860,Orangers,,14.679211,-61.050871,0,10706,0
10694,POMEAU,Pomme D'eau,,14.681652,-61.052630,1,,0
20786,1841,Pomme D'eau,,14.681652,-61.052630,0,10694,0
10692,GLYCER,Glycérias,,14.684468,-61.053465,1,,0
20783,1837,Glycérias,,14.684468,-61.053465,0,10692,0
10693,STAEAU,Station D'eau,,14.685123,-61.055077,1,,0
20784,1838,Station D'eau,,14.685123,-61.055077,0,10693,0
10691,COTONS,Les Cotons,,14.683033,-61.050713,1,,0
20782,1836,Les Cotons,,14.683033,-61.050713,0,10691,0
10690,TROPIQ,Les Tropiques,,14.681925,-61.048498,1,,0
20781,1835,Les Tropiques,,14.681925,-61.048498,0,10690,0
10689,Durand,Ecoles Durand,,14.682327,-61.045953,1,,0
20780,1834,Ecoles Durand,,14.682481,-61.046437,0,10689,0
21158,2331,Ecoles Durand,,14.682173,-61.045470,0,10689,0
10853,PRUNIE,Prunier,,14.678879,-61.040600,1,,0
21160,2333,Prunier,,14.678879,-61.040600,0,10853,0
10688,ABRICOT,Abricotier,,14.675139,-61.046536,1,,0
21161,2334,Abricotier,,14.678792,-61.038577,0,10688,0
21227,2414,Manguier,,14.678347,-61.037180,0,10668,0
10675,PITT,Le Pitt,,14.677012,-61.058831,1,,0
21156,2315,Le Pitt,,14.676798,-61.058331,0,10675,0
10676,EPICER,Epicerie,,14.673860,-61.056171,1,,0
21155,2314,Epicerie,,14.673958,-61.056257,0,10676,0
10851,ABRICOS,Abricotiers,,14.671705,-61.054834,1,,0
21154,2313,Abricotiers,,14.671705,-61.054834,0,10851,0
10677,CROIX,La Croix,,14.668716,-61.053931,1,,0
21153,2312,La Croix,,14.668716,-61.053931,0,10677,0
10678,BAMBOU,Les Bambous,,14.668495,-61.050386,1,,0
21159,2332,Les Bambous,,14.668498,-61.050398,0,10678,0
10065,POIRIER,Poirier,,14.668485,-61.049076,1,,0
20103,2474,Poirier,,14.668485,-61.049076,0,10065,0
10943,RABU,Rabuchon,,14.679394,-61.055739,1,,0
21515,10493,Rabuchon,,14.679394,-61.055739,0,10943,0
10679,POIRIE,Poirier,,14.668366,-61.049154,1,,0
20769,1819,Poirier,,14.668366,-61.049154,0,10679,0
20768,1818,Les Bambous,,14.668492,-61.050374,0,10678,0
20707,1727,Fleurie,,14.668126,-61.050991,0,10622,0
20779,1831,Abricotier,,14.671486,-61.054495,0,10688,0
20765,1814,Epicerie,,14.673761,-61.056085,0,10676,0
20764,1813,Le Pitt,,14.677226,-61.059331,0,10675,0
20630,1529,Resid Bwa Santal,,14.621634,-61.007588,0,10517,0
10460,TUDI,Tunnel De Didier,,14.643097,-61.085563,1,,0
21271,2511,Tunnel De Didier,,14.643143,-61.085471,0,10460,0
10646,FDRIVI,Fond La Riviere,,14.642083,-61.086111,1,,0
21272,2512,Fond La Riviere,,14.642109,-61.086110,0,10646,0
10645,CAMPEC,Les Campeches,,14.648937,-61.058768,1,,0
21273,2513,Les Campeches,,14.635700,-61.085142,0,10645,0
10644,VERGER,Le Verger,,14.633750,-61.084454,1,,0
21274,2514,Le Verger,,14.633792,-61.084496,0,10644,0
10643,CHÂTEAU,Château D'eau,,14.630080,-61.084238,1,,0
21275,2515,Château D'eau,,14.630167,-61.084213,0,10643,0
10642,FDGATEA,Fond Gateau,,14.626690,-61.086389,1,,0
21276,2516,Fond Gateau,,14.626517,-61.086453,0,10642,0
10641,CHATAIG,Les Chataigniers,,14.624144,-61.087452,1,,0
21277,2517,Les Chataigniers,,14.624147,-61.087429,0,10641,0
10640,FDGOY,Fond Goyage,,14.622390,-61.089453,1,,0
21278,2518,Fond Goyage,,14.622330,-61.089545,0,10640,0
10639,LIBERT,Liberté,,14.616088,-61.083648,1,,0
21279,2519,Liberté,,14.622902,-61.090972,0,10639,0
10941,CLIBERT,Cité Liberté,,14.624400,-61.090260,1,,0
21513,3020,Cité Liberté,,14.624400,-61.090260,0,10941,0
10638,DIVINE,Divine,,14.622297,-61.092363,1,,0
21280,2520,Divine,,14.622320,-61.092437,0,10638,0
10046,JULSÉV,Jules Sévère,,14.617728,-61.102040,1,,0
20072,2494,Jules Sévère,,14.617728,-61.102040,0,10046,0
20723,1745,Divine,,14.622274,-61.092290,0,10638,0
20724,1746,Liberté,,14.622663,-61.090973,0,10639,0
20725,1747,Fond Goyage,,14.622451,-61.089361,0,10640,0
20726,1748,Les Chataigniers,,14.624141,-61.087474,0,10641,0
20727,1749,Fond Gateau,,14.626863,-61.086326,0,10642,0
20728,1750,Château D'eau,,14.629993,-61.084262,0,10643,0
20729,1751,Le Verger,,14.633709,-61.084412,0,10644,0
20730,1752,Les Campeches,,14.635861,-61.085186,0,10645,0
20731,1753,Fond La Riviere,,14.642056,-61.086111,0,10646,0
20532,1409,Tunnel De Didier,,14.643050,-61.085655,0,10460,0
10050,LEPOINT,Le Point,,14.630941,-61.097675,1,,0
20078,2482,Le Point,,14.630913,-61.097700,0,10050,0
10034,COQUEL,Coquelicot,,14.629293,-61.098095,1,,0
20053,2483,Coquelicot,,14.629372,-61.098052,0,10034,0
10043,GRVIL,Grand Village,,14.628492,-61.099425,1,,0
20068,2484,Grand Village,,14.628498,-61.099421,0,10043,0
10021,AMANDI,Amandier,,14.629441,-61.100865,1,,0
20032,2485,Amandier,,14.629488,-61.100960,0,10021,0
20081,2486,Les Hameaux,,14.628799,-61.101819,0,10052,0
20058,2487,Dominante,,14.629239,-61.103287,0,10037,0
20095,2488,Ozenat,,14.627984,-61.103900,0,10060,0
20056,2489,Delouche,,14.625096,-61.102856,0,10036,0
20037,2490,Bellance,,14.623138,-61.102731,0,10024,0
20105,2491,Roland Janvier,,14.622015,-61.102578,0,10067,0
20076,2492,La Sagesse,,14.620665,-61.103570,0,10049,0
20107,2493,Stade,,14.619360,-61.101995,0,10068,0
10066,PTRN2,Pont RN2,,14.616333,-61.099288,1,,0
20104,2455,Pont RN2,,14.616333,-61.099288,0,10066,0
20033,1704,Amandier,,14.629394,-61.100769,0,10021,0
20069,1705,Grand Village,,14.628486,-61.099430,0,10043,0
20054,1706,Coquelicot,,14.629215,-61.098139,0,10034,0
20079,1707,Le Point,,14.630970,-61.097650,0,10050,0
20092,1708,Maustenil,,14.632442,-61.098108,0,10058,0
10026,BELVEDR,Belvédère,,14.639827,-61.098565,1,,0
20040,1715,Belvédère,,14.639827,-61.098565,0,10026,0
10047,LACROIX,La Croix,,14.640893,-61.099954,1,,0
20073,2466,La Croix,,14.640893,-61.099954,0,10047,0
11231,1-A-43,CANNELLE,,14.629063,-61.116023,1,,0
20683,1-A-43,CANNELLE,,14.629063,-61.116023,0,11231,0
10601,MONTEMA,Montemar,,14.628398,-61.117839,1,,0
20684,1684,Montemar,,14.628398,-61.117839,0,10601,0
10602,PANORMQ,Panoramique,,14.629051,-61.117885,1,,0
20685,1685,Panoramique,,14.629051,-61.117885,0,10602,0
10603,CORNIC,Corniche,,14.629718,-61.117528,1,,0
20686,1686,Corniche,,14.629718,-61.117528,0,10603,0
10604,SOUPIRS,Soupirs,,14.631421,-61.116951,1,,0
20687,1687,Soupirs,,14.631421,-61.116951,0,10604,0
10605,GLICIR,Gliricidias,,14.647319,-61.075142,1,,0
20688,1688,Gliricidias,,14.631345,-61.116539,0,10605,0
10606,LACO,Point De Vue Pv,,14.628138,-61.117612,1,,0
20689,1689,Point De Vue Pv,,14.628135,-61.117605,0,10606,0
21240,2445,Point De Vue Pv,,14.628140,-61.117619,0,10606,0
11232,1-A-44,FOND BERNIER 2,,14.628907,-61.114730,1,,0
21241,1-A-44,FOND BERNIER 2,,14.628907,-61.114730,0,11232,0
21242,1-A-45,FOND BERNIER 1,,14.627278,-61.113793,0,11233,0
10713,PONSOLD,Ponpon Soldat,,14.669885,-61.035586,1,,0
20812,1871,Ponpon Soldat,,14.669946,-61.035712,0,10713,0
10712,MANGVER,Mangot Vert,,14.668571,-61.034613,1,,0
20811,1870,Mangot Vert,,14.668347,-61.034539,0,10712,0
10711,BARBAD,Barbadine,,14.666998,-61.034440,1,,0
20810,1869,Barbadine,,14.667229,-61.034418,0,10711,0
10710,AVOCAT,Avocatiers,,14.665615,-61.034244,1,,0
20809,1868,Avocatiers,,14.665747,-61.034358,0,10710,0
20808,1867,Gliciridias,,14.662964,-61.033593,0,10623,0
20807,1866,Les Campeches,,14.662059,-61.032210,0,10645,0
20806,1865,Peupliers,,14.661315,-61.030433,0,10518,0
10709,CITRONI,Citronniers,,14.662221,-61.029493,1,,0
20805,1864,Citronniers,,14.662313,-61.029438,0,10709,0
10708,ARBPAIN,Arbre A Pain,,14.663874,-61.028985,1,,0
20804,1863,Arbre A Pain,,14.664181,-61.029211,0,10708,0
10707,PALMI,Palmiers,,14.668230,-61.030452,1,,0
20803,1862,Palmiers,,14.668052,-61.030646,0,10707,0
20802,1861,Canne A Sucre,,14.668269,-61.029660,0,10553,0
10705,BANANI,Bananiers,,14.663999,-61.026967,1,,0
20799,1858,Bananiers,,14.663877,-61.026904,0,10705,0
10704,QUENET,Quénétier,,14.661851,-61.026153,1,,0
20798,1857,Quénétier,,14.661829,-61.026084,0,10704,0
20797,1856,Bougainvillier,,14.660360,-61.020945,0,10555,0
10703,MULTIP,Multipliant,,14.662463,-61.020316,1,,0
20796,1855,Multipliant,,14.662730,-61.020293,0,10703,0
10702,TPMONSE,Tapis Monseigneur,,14.664152,-61.018152,1,,0
20795,1854,Tapis Monseigneur,,14.664121,-61.018029,0,10702,0
10699,COTONI,Cotonniers,,14.658886,-61.012847,1,,0
20792,1850,Cotonniers,,14.658914,-61.012843,0,10699,0
10698,CHADEQ,Chadèque,,14.658530,-61.011328,1,,0
20791,1849,Chadèque,,14.658582,-61.011482,0,10698,0
10697,CARAMB,Caramboles,,14.657621,-61.010328,1,,0
20790,1848,Caramboles,,14.657844,-61.010427,0,10697,0
10696,DEBO,Caillemite,,14.656278,-61.009668,1,,0
20789,1847,Caillemite,,14.656292,-61.009680,0,10696,0
21194,2369,Caillemite,,14.656264,-61.009655,0,10696,0
21193,2368,Caramboles,,14.657397,-61.010228,0,10697,0
21192,2367,Chadèque,,14.658478,-61.011174,0,10698,0
21191,2366,Cotonniers,,14.658857,-61.012852,0,10699,0
21188,2363,Tapis Monseigneur,,14.664183,-61.018275,0,10702,0
21187,2362,Multipliant,,14.662196,-61.020339,0,10703,0
21186,2361,Bougainvillier,,14.660557,-61.020882,0,10555,0
21185,2360,Quénétier,,14.661873,-61.026222,0,10704,0
21184,2359,Bananiers,,14.664121,-61.027029,0,10705,0
21182,2357,Orangers,,14.668275,-61.027651,0,10706,0
21181,2356,Canne A Sucre,,14.668329,-61.029382,0,10553,0
21180,2355,Palmiers,,14.668409,-61.030259,0,10707,0
21179,2354,Arbre A Pain,,14.663568,-61.028759,0,10708,0
21178,2353,Citronniers,,14.662130,-61.029547,0,10709,0
21177,2352,Peupliers,,14.661015,-61.030580,0,10518,0
21176,2351,Les Campeches,,14.662127,-61.032532,0,10645,0
21175,2350,Gliricidias,,14.663292,-61.033744,0,10605,0
21174,2349,Avocatiers,,14.665484,-61.034130,0,10710,0
21173,2348,Barbadine,,14.666766,-61.034461,0,10711,0
21172,2347,Mangot Vert,,14.668795,-61.034686,0,10712,0
21171,2346,Ponpon Soldat,,14.669824,-61.035461,0,10713,0
10007,CHATE,CHATEAUBOEUF,,14.618756,-61.039268,1,,0
20145,2032,CHATEAUBOEUF,,14.619464,-61.039203,0,10007,0
10096,DOROTHY,Dorothy,,14.611866,-61.043182,1,,0
20142,2033,Dorothy,,14.612297,-61.043585,0,10096,0
10103,EXMEDTR,EX Médecine Du Travail,,14.611541,-61.045389,1,,0
20180,2034,EX Médecine Du Travail,,14.611829,-61.045403,0,10103,0
10073,ALLEND,Allende Pv,,14.610346,-61.046560,1,,0
20114,2019,Allende Pv,,14.610346,-61.046560,0,10073,0
10072,AFPA,Afpa,,14.610367,-61.049070,1,,0
20084,2001,Afpa,,14.610364,-61.048648,0,10072,0
10161,STCHRIS,St Christophe,,14.611550,-61.052227,1,,0
20218,2002,St Christophe,,14.611468,-61.052011,0,10161,0
10174,ZAKERLY,Zone de Kerlys,,14.613474,-61.051500,1,,0
20232,1010,Zone de Kerlys,,14.613474,-61.051500,0,10174,0
10075,ANIMAL,Animalerie,,14.611133,-61.050784,1,,0
20116,1011,Animalerie,,14.611133,-61.050784,0,10075,0
20045,1022,Afpa,,14.610370,-61.049492,0,10072,0
10127,MARCHDI,Marché De Dillon,,14.610323,-61.048020,1,,0
20178,1042,Marché De Dillon,,14.610323,-61.048020,0,10127,0
10074,ALLENDE,Salvador Allende,,14.610329,-61.046260,1,,0
20115,1043,Salvador Allende,,14.610329,-61.046260,0,10074,0
20150,1018,EX Médecine Du Travail,,14.611253,-61.045375,0,10103,0
20141,1045,Dorothy,,14.611434,-61.042779,0,10096,0
20144,1046,CHATEAUBOEUF,,14.619583,-61.038918,0,10007,0
10173,YOLE,Yole,,14.621428,-61.038905,1,,0
20231,1047,Yole,,14.621428,-61.038905,0,10173,0
10092,DALHIA,Dalhia,,14.622477,-61.039103,1,,0
20137,1048,Dalhia,,14.622477,-61.039103,0,10092,0
10084,CHATODO,Chateau d'eau,,14.623057,-61.040221,1,,0
20127,1049,Chateau d'eau,,14.623057,-61.040221,0,10084,0
10144,OUATAL,Ouatalibi,,14.622272,-61.039279,1,,0
20198,1050,Ouatalibi,,14.622272,-61.039279,0,10144,0
10159,SOLIDAR,Solidarité,,14.626035,-61.038872,1,,0
20215,1051,Solidarité,,14.626035,-61.038872,0,10159,0
10091,CULSAC,Cul de Sac,,14.627072,-61.037423,1,,0
20136,1052,Cul de Sac,,14.627072,-61.037423,0,10091,0
10149,POIDOU,Poix Doux,,14.626016,-61.036200,1,,0
20205,1053,Poix Doux,,14.626016,-61.036200,0,10149,0
10107,GLOUGLO,Glouglous,,14.627081,-61.037848,1,,0
20154,1054,Glouglous,,14.627081,-61.037848,0,10107,0
10145,PARADIS,Résidence Paradisiers,,14.625242,-61.037441,1,,0
20199,1055,Résidence Paradisiers,,14.626169,-61.037584,0,10145,0
20200,1056,Résidence Paradisiers,,14.624314,-61.037299,0,10145,0
10158,SMHLM,SMHLM,,14.622232,-61.036854,1,,0
20214,1057,SMHLM,,14.622232,-61.036854,0,10158,0
10093,DECHETR,Décheterie,,14.620350,-61.037138,1,,0
20138,1058,Décheterie,,14.620350,-61.037138,0,10093,0
10101,EDYCTYS,Résidence Edyctis,,14.619815,-61.038180,1,,0
20148,1059,Résidence Edyctis,,14.619815,-61.038180,0,10101,0
10252,JAMB,Jambette,,14.652760,-61.039500,1,,0
20951,2095,Jambette,,14.652720,-61.039800,0,10252,0
10801,CHATBO1,Chateauboeuf 1Pv,,14.624092,-61.042229,1,,0
20909,2025,Chateauboeuf 1Pv,,14.624092,-61.042229,0,10801,0
10181,OZLAF,Ozier Lafontaine 1Pv,,14.621602,-61.042984,1,,0
20910,2026,Ozier Lafontaine 1Pv,,14.621592,-61.043017,0,10181,0
10802,CHATBO2,Chateauboeuf 2Pv,,14.620247,-61.043618,1,,0
20911,2027,Chateauboeuf 2Pv,,14.620247,-61.043618,0,10802,0
10180,PELICA,Pelican,,14.618516,-61.045429,1,,0
20912,2028,Pelican,,14.618410,-61.045635,0,10180,0
20913,2029,Distillerie,,14.616639,-61.049064,0,10179,0
10178,CCOMDIL,Ctre Comm Dillon,,14.615823,-61.050647,1,,0
20914,2030,Ctre Comm Dillon,,14.615821,-61.050720,0,10178,0
20915,2031,KERLYS,,14.614000,-61.052100,0,10951,0
20241,1029,Ctre Comm Dillon,,14.615824,-61.050575,0,10178,0
20243,1031,Pelican,,14.618622,-61.045223,0,10180,0
20244,1032,Ozier Lafontaine 1Pv,,14.621611,-61.042951,0,10181,0
10182,ESPERAN,Espérance,,14.624813,-61.041248,1,,0
20245,1033,Espérance,,14.624813,-61.041248,0,10182,0
20319,1183,Jambette,,14.652800,-61.039200,0,10252,0
10176,EPAG,EPAG,,14.600617,-61.045029,1,,0
20239,1027,EPAG,,14.600617,-61.045029,0,10176,0
10796,RPZF,Etang Z'abricot 1Pv,,14.603478,-61.041948,1,,0
20899,2014,Etang Z'abricot 1Pv,,14.603478,-61.041948,0,10796,0
10797,ZOFRAN2,Zone Franche 2Pv,,14.604316,-61.043623,1,,0
20900,2015,Zone Franche 2Pv,,14.604316,-61.043623,0,10797,0
10798,ZOFRAN1,Zone Franche 1Pv,,14.604083,-61.044475,1,,0
20901,2016,Zone Franche 1Pv,,14.604083,-61.044475,0,10798,0
10151,PTIONJU,Protection judiciaire,,14.608974,-61.049847,1,,0
20207,1012,Protection judiciaire,,14.608974,-61.049847,0,10151,0
10164,THURIAF,Judes Thuriaf,,14.606601,-61.049826,1,,0
20221,1013,Judes Thuriaf,,14.606601,-61.049826,0,10164,0
10115,JMSERRA,Jean Marie Serrault,,14.606263,-61.048620,1,,0
20164,1014,Jean Marie Serrault,,14.606263,-61.048620,0,10115,0
10110,HARMONI,Harmonies,,14.606245,-61.047281,1,,0
20158,1015,Harmonies,,14.606245,-61.047281,0,10110,0
10122,ANPE,Zone Franche,,14.604227,-61.044588,1,,0
20235,1023,Zone Franche,,14.604227,-61.044588,0,10122,0
10128,METR,LE SIST,,14.604396,-61.043410,1,,0
20236,1024,LE SIST,,14.604396,-61.043410,0,10128,0
10168,AGORA,Agora,,14.603917,-61.042132,1,,0
20237,1025,Agora,,14.603917,-61.042132,0,10168,0
10175,HEMING,Ernest Hemingway,,14.601970,-61.043247,1,,0
20238,1026,Ernest Hemingway,,14.601970,-61.043247,0,10175,0
10189,ZACRR,Sortie Georges Zaïre,,14.615021,-61.039554,1,,0
20254,1063,Sortie Georges Zaïre,,14.615021,-61.039554,0,10189,0
10914,OZANCAR,Ozanam les Caraïbes,,14.613940,-61.040100,1,,0
21455,2737,Ozanam les Caraïbes,,14.613940,-61.040100,0,10914,0
10903,GIDO,Temple Smyrne,,14.612266,-61.043842,1,,0
21422,2696,Temple Smyrne,,14.612266,-61.043842,0,10903,0
10155,ROSIND,Rose Des Indes,,14.613158,-61.045380,1,,0
20211,1019,Rose Des Indes,,14.613158,-61.045380,0,10155,0
10112,HILLION,Victor Hillion,,14.613566,-61.046293,1,,0
20160,1020,Victor Hillion,,14.613566,-61.046293,0,10112,0
10165,TJIBAOU,Jean Marie Tjibaou,,14.613692,-61.048053,1,,0
20222,1021,Jean Marie Tjibaou,,14.613692,-61.048053,0,10165,0
10940,KARO,Kann'Rose,,14.614419,-61.047050,1,,0
21511,3015,Kann'Rose,,14.614419,-61.047050,0,10940,0
10915,CAPITOL,Résidence Capitolle,,14.613786,-61.044441,1,,0
21456,2739,Résidence Capitolle,,14.613786,-61.044441,0,10915,0
10916,ATHEN,Résidence Athéna,,14.614579,-61.042749,1,,0
21457,2740,Résidence Athéna,,14.614579,-61.042749,0,10916,0
10917,ACRO,Résidence Acropole,,14.615310,-61.042830,1,,0
21458,2741,Résidence Acropole,,14.615310,-61.042830,0,10917,0
10918,CGDIL2,Collège Dillon,,14.612660,-61.042340,1,,0
21459,2742,Collège Dillon,,14.612660,-61.042340,0,10918,0
20974,2123,POINTE SIMON,,14.603404,-61.071680,0,10014,0
10742,HORE,Stade Victor Géril,,14.621820,-61.081440,1,,0
20843,1921,Stade Victor Géril,,14.621820,-61.081440,0,10742,0
21261,2501,Mariz,,14.611037,-61.089619,0,10403,0
10616,SAUDRAG,Saudragon,,14.608415,-61.090569,1,,0
21267,2507,Saudragon,,14.608293,-61.090814,0,10616,0
10615,RESAD,Resedas,,14.608747,-61.088864,1,,0
21268,2508,Resedas,,14.608567,-61.088897,0,10615,0
10614,AMARYL,Amaryllis,,14.607493,-61.089229,1,,0
21269,2509,Amaryllis,,14.607434,-61.089252,0,10614,0
10613,STGEORG,Saint Georges,,14.606380,-61.089978,1,,0
21270,2510,Saint Georges,,14.606464,-61.089933,0,10613,0
20696,1716,Saint Georges,,14.606296,-61.090022,0,10613,0
20697,1717,Amaryllis,,14.607552,-61.089206,0,10614,0
20698,1718,Resedas,,14.608926,-61.088832,0,10615,0
20699,1719,Saudragon,,14.608537,-61.090324,0,10616,0
10741,CCCLUNY,Centre commercial de Cluny,,14.618505,-61.081936,1,,0
20842,1919,Centre commercial de Cluny,,14.618505,-61.081936,0,10741,0
10654,MNEBAST,Morne Basset,,14.655729,-61.048475,1,,0
21149,2303,Morne Basset,,14.655725,-61.048646,0,10654,0
10653,COURBAR,Courbaryl,,14.656445,-61.050759,1,,0
21401,2658,Courbaryl,,14.656516,-61.051241,0,10653,0
10651,IMMORT,Immortelle,,14.654067,-61.052591,1,,0
21297,2537,Immortelle,,14.653999,-61.052756,0,10651,0
21300,2540,Filao,,14.650828,-61.051636,0,10557,0
20989,2139,Regal Sauveur,,14.647474,-61.052789,0,10304,0
10849,ENTRAI2,Entraide 2Pv,,14.619914,-61.056096,1,,0
21150,2305,Entraide 2Pv,,14.619914,-61.056096,0,10849,0
20916,2053,Bateliers,,14.606546,-61.062476,0,10078,0
10803,STALING,Stalingrad,,14.605121,-61.063917,1,,0
20917,2054,Stalingrad,,14.605121,-61.063917,0,10803,0
10577,PTFRANC,Pont Francisco,,14.604053,-61.073898,1,,0
20659,1570,Pont Francisco,,14.604053,-61.073898,0,10577,0
20286,1149,Bon Air,,14.609853,-61.059969,0,10080,0
20256,1090,Morija,,14.611152,-61.059898,0,10130,0
10648,ENT359,Entraide PV_F359,,14.618696,-61.056808,1,,0
20733,1756,Entraide PV_F359,,14.618696,-61.056808,0,10648,0
10649,ENT360,Entraide PV_F360,,14.620480,-61.055739,1,,0
20734,1757,Entraide PV_F360,,14.620480,-61.055739,0,10649,0
10650,FILAOS,Filaos,,14.650608,-61.051615,1,,0
20735,1758,Filaos,,14.650608,-61.051615,0,10650,0
20736,1759,Immortelle,,14.654135,-61.052426,0,10651,0
10652,BBDUCH,Bambous Du Champs,,14.655522,-61.051640,1,,0
20737,1760,Bambous Du Champs,,14.655522,-61.051640,0,10652,0
20738,1761,Courbaryl,,14.656374,-61.050277,0,10653,0
20739,1762,Morne Basset,,14.655733,-61.048305,0,10654,0
20740,1763,Croisee Abricot,,14.660838,-61.045676,0,10655,0
10533,GUIMAU,Guimauve,,14.632592,-61.023049,1,,0
21353,2602,Guimauve,,14.632548,-61.023040,0,10533,0
10532,MNECOC,Morne Coco,,14.632224,-61.024512,1,,0
21354,2603,Morne Coco,,14.632609,-61.024743,0,10532,0
10531,ECGOND,Ecole De Gondeau,,14.633419,-61.026984,1,,0
21355,2604,Ecole De Gondeau,,14.633433,-61.027004,0,10531,0
10530,ENTBGON,Entree Basse Gondeau,,14.630609,-61.028831,1,,0
21356,2605,Entree Basse Gondeau,,14.630609,-61.028831,0,10530,0
20605,1494,Ecole De Gondeau,,14.633405,-61.026965,0,10531,0
20606,1495,Morne Coco,,14.631839,-61.024281,0,10532,0
20607,1496,Guimauve,,14.632635,-61.023057,0,10533,0
10893,ECHLEZ2,Ech La Lezarde 2Pv,,14.609650,-61.005546,1,,0
21339,2584,Ech La Lezarde 2Pv,,14.609650,-61.005546,0,10893,0
10526,ECCA,Ech Californie,,14.617866,-61.031424,1,,0
21340,2586,Ech Californie,,14.618287,-61.031724,0,10526,0
10795,PETAB,Port Etang Z'Abricot,,14.597216,-61.043567,1,,0
20898,2013,Port Etang Z'Abricot,,14.597216,-61.043567,0,10795,0
10767,PADI,Park Stade de Dillon,,14.600172,-61.048890,1,,0
21445,2726,Park Stade de Dillon,,14.600311,-61.048934,0,10767,0
10154,RIVMONS,Rond Point Rivière Monsieur,,14.598484,-61.053477,1,,0
21447,2728,Rond Point Rivière Monsieur,,14.598490,-61.053440,0,10154,0
10912,GICI,Cimenterie,,14.595966,-61.057703,1,,0
21446,2727,Cimenterie,,14.595966,-61.057703,0,10912,0
21479,2770,Préfecture Bishop,,14.603574,-61.061917,0,10776,0
21448,2730,Liberté,,14.602700,-61.069000,0,10639,0
10778,PORCOM,Entrée Port de Commerce,,14.603600,-61.060200,1,,0
20880,1971,Entrée Port de Commerce,,14.603600,-61.060200,0,10778,0
10085,CIMENT,Cimenterie,,14.596071,-61.057710,1,,0
20128,1903,Cimenterie,,14.596071,-61.057710,0,10085,0
20210,1904,Rond Point Rivière Monsieur,,14.598477,-61.053515,0,10154,0
20869,1957,Park Stade de Dillon,,14.600032,-61.048845,0,10767,0
10013,FELIX,FELIX EBOUE,,14.605074,-61.067683,1,,0
20013,FELIX01,FELIX EBOUE,,14.605074,-61.067683,0,10013,0
10777,PORTCOM,Port de Commerce,,14.599918,-61.057975,1,,0
20879,1970,Port de Commerce,,14.599918,-61.057975,0,10777,0
10273,GIBE,Centre Commercial Le Rond,,14.604102,-61.087965,1,,0
20340,1207,Centre Commercial Le Rond,,14.604070,-61.087980,0,10273,0
10920,PTENEG,Pointe des Nègres,,14.600165,-61.088817,1,,0
21462,2746,Pointe des Nègres,,14.600165,-61.088817,0,10920,0
10271,PTEVIER,Pointe de la Vierge,,14.600185,-61.087089,1,,0
21463,2747,Pointe de la Vierge,,14.600150,-61.087087,0,10271,0
10270,MAISPOR,Maison des Sports,,14.599867,-61.084643,1,,0
21464,2748,Maison des Sports,,14.599834,-61.084573,0,10270,0
10269,TEXA,Texaco Pv,,14.601432,-61.079797,1,,0
21465,2749,Texaco Pv,,14.601434,-61.079665,0,10269,0
10268,ALMAD2,Almadies 2Pv,,14.601604,-61.078569,1,,0
21466,2750,Almadies 2Pv,,14.601518,-61.078523,0,10268,0
10267,ALMAD,Almadies Pv,,14.602186,-61.076118,1,,0
21467,2751,Almadies Pv,,14.602165,-61.076528,0,10267,0
20331,1197,Gare Aliker Paul Langevin,,14.608107,-61.071501,0,10264,0
20334,1201,Almadies Pv,,14.602207,-61.075707,0,10267,0
20335,1202,Almadies 2Pv,,14.601690,-61.078614,0,10268,0
20336,1203,Texaco Pv,,14.601429,-61.079928,0,10269,0
20337,1204,Maison des Sports,,14.599901,-61.084712,0,10270,0
20338,1205,Pointe de la Vierge,,14.600220,-61.087092,0,10271,0
10272,PTE NEG,Pointe Des Negres Pv,,14.600193,-61.088642,1,,0
20339,1206,Pointe Des Negres Pv,,14.600193,-61.088642,0,10272,0
10349,GLAEUIL,Glaeuil,,14.636005,-61.070775,1,,0
20417,1291,Glaeuil,,14.636005,-61.070775,0,10349,0
10350,SINISTR,Sinistrés,,14.635897,-61.069918,1,,0
20418,1292,Sinistrés,,14.635753,-61.069716,0,10350,0
10351,GODISSA,Godissard,,14.634470,-61.069109,1,,0
20419,1293,Godissard,,14.634713,-61.069473,0,10351,0
10357,GODI,Les Tours,,14.631965,-61.069715,1,,0
20425,1299,Les Tours,,14.631965,-61.069715,0,10357,0
10825,EGDEBRI,Eglise de Briand,,14.628944,-61.069534,1,,0
21033,2183,Eglise de Briand,,14.628944,-61.069534,0,10825,0
10354,ALIZE,Alize,,14.629842,-61.068309,1,,0
21034,2184,Alize,,14.629842,-61.068309,0,10354,0
10826,POSTEGO,LA Poste Gosissard,,14.631314,-61.067649,1,,0
21035,2185,LA Poste Gosissard,,14.631314,-61.067649,0,10826,0
10353,ROCHER,Le Rocher,,14.632841,-61.067882,1,,0
21036,2186,Le Rocher,,14.632841,-61.067882,0,10353,0
21037,2187,Godissard,,14.634228,-61.068745,0,10351,0
21038,2188,Sinistrés,,14.636042,-61.070121,0,10350,0
20654,1561,Centre Commercial Le Rond,,14.604134,-61.087951,0,10273,0
10402,STECAT,Sainte CathErine,,14.610652,-61.088371,1,,0
21091,2244,Sainte CathErine,,14.610602,-61.088391,0,10402,0
10401,SUZROUS,Suzanne Roussi,,14.610368,-61.086379,1,,0
21092,2245,Suzanne Roussi,,14.610344,-61.086227,0,10401,0
10841,EMMAVE2,Emma Ventura Pv,,14.609389,-61.085002,1,,0
21093,2246,Emma Ventura Pv,,14.609389,-61.085002,0,10841,0
10399,FTZTAN,Frantz Fanon,,14.608746,-61.083234,1,,0
21094,2247,Frantz Fanon,,14.608873,-61.083452,0,10399,0
10842,COND2,Condorcet Pv,,14.605586,-61.080604,1,,0
21095,2248,Condorcet Pv,,14.605586,-61.080604,0,10842,0
10843,DARDAN,Dardanelles Pv,,14.604901,-61.079086,1,,0
21096,2249,Dardanelles Pv,,14.604901,-61.079086,0,10843,0
10844,CXBELLE,Croix De Bellevue,,14.604295,-61.076563,1,,0
21097,2250,Croix De Bellevue,,14.604295,-61.076563,0,10844,0
10845,SEMCOL,Seminaire College Pv,,14.607429,-61.075085,1,,0
21098,2251,Seminaire College Pv,,14.607429,-61.075085,0,10845,0
10902,DAMAS,Pont Damas,,14.609250,-61.073560,1,,0
21421,2694,Pont Damas,,14.609250,-61.073560,0,10902,0
10784,CGSSSCH,Cgss/Schoelcher,,14.613240,-61.087710,1,,0
20886,1989,Cgss/Schoelcher,,14.613240,-61.087710,0,10784,0
10393,LIBERAT,Libération,,14.603467,-61.077671,1,,0
20462,1336,Libération,,14.603467,-61.077671,0,10393,0
10394,VERD,Clitandre,,14.604212,-61.078638,1,,0
20463,1337,Clitandre,,14.604212,-61.078638,0,10394,0
10395,DUAUMO,PAssage Duaumont,,14.604919,-61.080094,1,,0
20464,1338,PAssage Duaumont,,14.604919,-61.080094,0,10395,0
10396,VERDUN,Verdun,,14.605126,-61.081732,1,,0
20465,1339,Verdun,,14.605126,-61.081732,0,10396,0
10397,CAMSYL,Camille Sylvestre,,14.605856,-61.081790,1,,0
20466,1340,Camille Sylvestre,,14.605856,-61.081790,0,10397,0
10398,COND,Les Fleurs,,14.606975,-61.082009,1,,0
20467,1341,Les Fleurs,,14.606975,-61.082009,0,10398,0
20468,1342,Frantz Fanon,,14.608618,-61.083016,0,10399,0
10400,EMMAVE,Emma Ventura,,14.609380,-61.084759,1,,0
20469,1343,Emma Ventura,,14.609380,-61.084759,0,10400,0
20470,1344,Suzanne Roussi,,14.610393,-61.086530,0,10401,0
20471,1345,Sainte CathErine,,14.610702,-61.088351,0,10402,0
20472,1346,Mariz,,14.611037,-61.089619,0,10403,0
20473,1347,Ideal,,14.610707,-61.090837,0,10404,0
21491,2789,Ctre Commercial Batelière,,14.607400,-61.092900,0,10617,0
10944,MALA,Mairie du lamentin,,14.615472,-61.004312,1,,0
23503,11725,Mairie du lamentin,,14.615472,-61.004312,0,10944,0
10552,MNEPOI,Morne Pois,,14.620928,-61.009375,1,,0
21359,2608,Morne Pois,,14.620834,-61.009558,0,10552,0
10551,LOTOLIV,Lotiss Les Oliviers,,14.619290,-61.010824,1,,0
21360,2609,Lotiss Les Oliviers,,14.619523,-61.010760,0,10551,0
10550,GANGE,Resid Le Gange,,14.617864,-61.012280,1,,0
21361,2610,Resid Le Gange,,14.617993,-61.012126,0,10550,0
10734,TAMAYA,Chemin Tamaya,,14.620375,-61.013211,1,,0
21417,2690,Chemin Tamaya,,14.620370,-61.013163,0,10734,0
10736,CCOURBA,Chemin Courbaril,,14.622667,-61.013351,1,,0
21419,2692,Chemin Courbaril,,14.622665,-61.013303,0,10736,0
10735,CACHIM,Chemin cachiman,,14.624427,-61.014041,1,,0
21418,2691,Chemin cachiman,,14.624425,-61.014103,0,10735,0
10674,CHORIZO,Chemin les Horizons,,14.626027,-61.015023,1,,0
21342,2588,Chemin les Horizons,,14.625949,-61.014972,0,10674,0
21364,2616,Plateau Sportif,,14.622448,-61.023979,0,10547,0
21367,2623,Flamboyant Nain,,14.627432,-61.026131,0,10548,0
21369,2625,Plateau Sportif,,14.622693,-61.023999,0,10547,0
10546,PAPET,Papetterie,,14.621381,-61.026682,1,,0
21370,2626,Papetterie,,14.621381,-61.026502,0,10546,0
10545,AMANG,Allée Des Manguiers,,14.621188,-61.027973,1,,0
21371,2627,Allée Des Manguiers,,14.621216,-61.027828,0,10545,0
10544,MNEPAVI,Morne Pavillon,,14.621021,-61.029773,1,,0
21372,2628,Morne Pavillon,,14.621046,-61.029633,0,10544,0
10543,TROMPE,La Trompeuse,,14.620529,-61.032109,1,,0
21373,2629,La Trompeuse,,14.620480,-61.032263,0,10543,0
10542,HOHIO,Ho Hio Hen,,14.619218,-61.031935,1,,0
21374,2630,Ho Hio Hen,,14.619186,-61.031958,0,10542,0
10525,ECCH,Ech Chateauboeuf,,14.618009,-61.039371,1,,0
21341,2587,Ech Chateauboeuf,,14.618617,-61.039274,0,10525,0
20599,1486,Ech Chateauboeuf,,14.617401,-61.039467,0,10525,0
20600,1487,Ech Californie,,14.617444,-61.031123,0,10526,0
20617,1506,Ho Hio Hen,,14.619251,-61.031911,0,10542,0
20618,1507,La Trompeuse,,14.620578,-61.031955,0,10543,0
20619,1508,Morne Pavillon,,14.620995,-61.029913,0,10544,0
20620,1509,Allée Des Manguiers,,14.621160,-61.028118,0,10545,0
20621,1510,Papetterie,,14.621381,-61.026862,0,10546,0
20622,1511,Plateau Sportif,,14.622453,-61.024108,0,10547,0
21368,2624,Gondeau 3,,14.624666,-61.024408,0,10507,0
20763,1791,Chemin les Horizons,,14.626104,-61.015074,0,10674,0
20836,1910,Chemin cachiman,,14.624430,-61.013980,0,10735,0
20837,1911,Chemin Courbaril,,14.622670,-61.013400,0,10736,0
20835,1909,Chemin Tamaya,,14.620380,-61.013260,0,10734,0
20627,1526,Resid Le Gange,,14.617735,-61.012433,0,10550,0
20628,1527,Lotiss Les Oliviers,,14.619057,-61.010887,0,10551,0
20629,1528,Morne Pois,,14.621022,-61.009192,0,10552,0
10015,ALAMD,ALMADIES BO KANNAL,,14.603084,-61.074184,1,,0
20015,ALMAD01,ALMADIES BO KANNAL,,14.603084,-61.074184,0,10015,0
20016,SIMON02,POINTE SIMON,,14.602989,-61.070667,0,10014,0
10016,CARAI,CARAIBES,,14.603272,-61.066094,1,,0
20017,CARAI02,CARAIBES,,14.603272,-61.066094,0,10016,0
10011,BISHO,MAURICE BISHOP,,14.604724,-61.060298,1,,0
20018,BISHO02,MAURICE BISHOP,,14.604704,-61.060254,0,10011,0
20019,MANIO02,CROISEE MANIOC,,14.608692,-61.056039,0,10010,0
20020,KERLY02,KERLYS,,14.613048,-61.052674,0,10009,0
10017,DILLO,DILLON,,14.614544,-61.047208,1,,0
20021,DILLO02,DILLON,,14.614544,-61.047208,0,10017,0
20022,CHATE02,CHATEAUBOEUF,,14.617364,-61.039513,0,10007,0
10006,CALIF,CALIFORNIE,,14.618062,-61.031416,1,,0
20023,CALIF02,CALIFORNIE,,14.617718,-61.030757,0,10006,0
10005,ACAJO,ACAJOU,,14.618557,-61.021968,1,,0
20024,ACAJO02,ACAJOU,,14.618058,-61.021621,0,10005,0
10018,MANGL,LES MANGLES,,14.614165,-61.012664,1,,0
20025,MANGL02,LES MANGLES,,14.614165,-61.012664,0,10018,0
10019,MAHAU,MAHAULT,,14.618277,-61.004691,1,,0
20030,MAHAU02,MAHAULT,,14.618284,-61.004835,0,10019,0
20029,MAHAU01,MAHAULT,,14.618270,-61.004548,0,10019,0
20005,ACAJO01,ACAJOU,,14.619055,-61.022314,0,10005,0
20006,CALIF01,CALIFORNIE,,14.618406,-61.032074,0,10006,0
20007,CHATE01,CHATEAUBOEUF,,14.618611,-61.039439,0,10007,0
10008,CALLE,MORNE CALLEBASSE,,14.614583,-61.050976,1,,0
20008,CALLE01,MORNE CALLEBASSE,,14.614583,-61.050976,0,10008,0
20009,KERLY01,KERLYS,,14.613051,-61.052755,0,10009,0
20010,MANIO01,CROISEE MANIOC,,14.608725,-61.056121,0,10010,0
20011,BISHO01,MAURICE BISHOP,,14.604745,-61.060341,0,10011,0
10012,MITTE,FRANCOIS MITTERAND,,14.604512,-61.063758,1,,0
20012,MITTE01,FRANCOIS MITTERAND,,14.604512,-61.063758,0,10012,0
20014,SIMON01,POINTE SIMON,,14.603096,-61.070651,0,10014,0
10002,CARRE,CARRERE,,14.595645,-60.983773,1,,0
20002,CARRE01,CARRERE,,14.595802,-60.983866,0,10002,0
10003,AEROP,AEROPORT,,14.596606,-60.999765,1,,0
20003,AEROP01,AEROPORT,,14.596737,-61.000019,0,10003,0
10004,LEZAR,LEZARDE,,14.609635,-61.005840,1,,0
20004,LEZAR01,LEZARDE,,14.609693,-61.005522,0,10004,0
20026,LEZAR02,LEZARDE,,14.609576,-61.006157,0,10004,0
20027,AEROP02,AEROPORT,,14.596475,-60.999511,0,10003,0
20028,CARRE02,CARRERE,,14.595487,-60.983681,0,10002,0
10431,HPCO,Colson,,14.689304,-61.086477,1,,0
21099,2252,Colson,,14.689302,-61.086458,0,10431,0
10430,FDLETAN,Fond L'etang Pv,,14.683234,-61.084277,1,,0
21100,2253,Fond L'etang Pv,,14.683060,-61.084467,0,10430,0
10429,ARBORE,Arboretum Pv,,14.677067,-61.091202,1,,0
21101,2254,Arboretum Pv,,14.677113,-61.091217,0,10429,0
10428,ABSAL,Absalon,,14.674299,-61.090957,1,,0
21102,2255,Absalon,,14.674426,-61.091098,0,10428,0
10427,JABA,Jardin De Balata,,14.672862,-61.091186,1,,0
21103,2256,Jardin De Balata,,14.672884,-61.091253,0,10427,0
10426,BALA14,Balata 14Pv,,14.671267,-61.089773,1,,0
21104,2257,Balata 14Pv,,14.671447,-61.089709,0,10426,0
10425,BALA13,Balata 13Pv,,14.669424,-61.089878,1,,0
21105,2258,Balata 13Pv,,14.669306,-61.089783,0,10425,0
10424,BALA12,Balata 12Pv,,14.667804,-61.088903,1,,0
21106,2259,Balata 12Pv,,14.667665,-61.088884,0,10424,0
10423,CPBALA,Camp De Balata Pv,,14.665843,-61.087938,1,,0
21107,2260,Camp De Balata Pv,,14.665640,-61.087941,0,10423,0
10422,LALIOT,La Liot Pv,,14.662837,-61.086011,1,,0
21108,2261,La Liot Pv,,14.662804,-61.085993,0,10422,0
10421,BALA11,Balata 11Pv,,14.658375,-61.084568,1,,0
21109,2262,Balata 11Pv,,14.658526,-61.084625,0,10421,0
10420,BAREM,Bareme Pv,,14.656296,-61.085121,1,,0
21110,2263,Bareme Pv,,14.656245,-61.085307,0,10420,0
10419,HTBALA,Les Hauts De Balata Pv,,14.655213,-61.085631,1,,0
21111,2264,Les Hauts De Balata Pv,,14.655169,-61.085631,0,10419,0
10418,BALA10,Balata 10Pv,,14.653382,-61.085848,1,,0
21112,2265,Balata 10Pv,,14.653498,-61.085774,0,10418,0
10417,BALAT9,Balata 9Pv,,14.652623,-61.086450,1,,0
21113,2266,Balata 9Pv,,14.652766,-61.086519,0,10417,0
10416,CRBTH,Croise Bois Thibault Pv,,14.650259,-61.085176,1,,0
21114,2267,Croise Bois Thibault Pv,,14.650360,-61.085348,0,10416,0
10415,BALAT8,Balata 8Pv,,14.649807,-61.083348,1,,0
21115,2268,Balata 8Pv,,14.649769,-61.083429,0,10415,0
10414,BALAT7,Balata 7Pv,,14.649651,-61.081278,1,,0
21116,2269,Balata 7Pv,,14.649670,-61.081480,0,10414,0
10411,BALAT6,Balata 6Pv,,14.646231,-61.079624,1,,0
21118,2271,Balata 6Pv,,14.646028,-61.079534,0,10411,0
10410,BALAT5,Balata 5Pv,,14.645202,-61.078904,1,,0
21119,2272,Balata 5Pv,,14.645079,-61.078819,0,10410,0
10409,JUBEAU,Jules Beaunes Pv,,14.643229,-61.077919,1,,0
21120,2273,Jules Beaunes Pv,,14.643287,-61.077996,0,10409,0
10408,NORVIL,La Norville,,14.641969,-61.076125,1,,0
21121,2274,La Norville,,14.641775,-61.075988,0,10408,0
10407,COLIBRI,Lot Colibri Pv,,14.639579,-61.073256,1,,0
21122,2275,Lot Colibri Pv,,14.639468,-61.073123,0,10407,0
10406,BALAT4,Balata 4Pv,,14.637396,-61.072039,1,,0
20475,1349,Balata 4Pv,,14.637396,-61.072039,0,10406,0
20476,1350,Lot Colibri Pv,,14.639691,-61.073389,0,10407,0
20477,1351,La Norville,,14.642162,-61.076261,0,10408,0
20478,1352,Jules Beaunes Pv,,14.643171,-61.077842,0,10409,0
20479,1353,Balata 5Pv,,14.645326,-61.078989,0,10410,0
20480,1354,Balata 6Pv,,14.646434,-61.079714,0,10411,0
20481,1355,Croisee Morne Laurent Pv,,14.648580,-61.078531,0,10412,0
20483,1357,Balata 7Pv,,14.649632,-61.081077,0,10414,0
20484,1358,Balata 8Pv,,14.649845,-61.083268,0,10415,0
20485,1359,Croise Bois Thibault Pv,,14.650158,-61.085004,0,10416,0
20486,1360,Balata 9Pv,,14.652480,-61.086381,0,10417,0
20487,1361,Balata 10Pv,,14.653267,-61.085923,0,10418,0
20488,1362,Les Hauts De Balata Pv,,14.655257,-61.085632,0,10419,0
20489,1363,Bareme Pv,,14.656347,-61.084934,0,10420,0
20490,1364,Balata 11Pv,,14.658223,-61.084511,0,10421,0
20491,1365,La Liot Pv,,14.662869,-61.086028,0,10422,0
20492,1366,Camp De Balata Pv,,14.666046,-61.087936,0,10423,0
20493,1367,Balata 12Pv,,14.667944,-61.088922,0,10424,0
20494,1368,Balata 13Pv,,14.669541,-61.089974,0,10425,0
20495,1369,Balata 14Pv,,14.671088,-61.089837,0,10426,0
20496,1370,Jardin De Balata,,14.672840,-61.091118,0,10427,0
20497,1371,Absalon,,14.674172,-61.090816,0,10428,0
20498,1372,Arboretum Pv,,14.677020,-61.091187,0,10429,0
20499,1373,Fond L'etang Pv,,14.683408,-61.084087,0,10430,0
20500,1374,Colson,,14.689307,-61.086496,0,10431,0
10432,RIVDROI,Rive Droite 1Pv,,14.609921,-61.074140,1,,0
20501,1375,Rive Droite 1Pv,,14.609921,-61.074140,0,10432,0
10433,PINCHON,Rev Pere Pinchon Pv,,14.608077,-61.075330,1,,0
20502,1376,Rev Pere Pinchon Pv,,14.608077,-61.075330,0,10433,0
10434,EVECH,Eveche Pv,,14.609664,-61.076157,1,,0
20503,1377,Eveche Pv,,14.609664,-61.076157,0,10434,0
10435,PINCHO2,Rev Pere Pinchon 2Pv,,14.611272,-61.077352,1,,0
20504,1378,Rev Pere Pinchon 2Pv,,14.611272,-61.077352,0,10435,0
10436,VIET,Vietnam Pv,,14.611256,-61.079069,1,,0
20518,1395,Vietnam Pv,,14.612930,-61.078448,0,10436,0
10447,CLAIR,Clair Logis Pv,,14.615657,-61.078482,1,,0
20519,1396,Clair Logis Pv,,14.615830,-61.078468,0,10447,0
10448,RESPREF,Resid Prefectorale Pv,,14.617991,-61.078117,1,,0
20520,1397,Resid Prefectorale Pv,,14.617802,-61.078131,0,10448,0
10449,CHANTE,Chantecler Pv,,14.620290,-61.077979,1,,0
20521,1398,Chantecler Pv,,14.620081,-61.077960,0,10449,0
10450,UNION,Union Pv,,14.622480,-61.078272,1,,0
20522,1399,Union Pv,,14.622679,-61.078334,0,10450,0
10451,ZAMAN,Zamana Pv,,14.624321,-61.078699,1,,0
20523,1400,Zamana Pv,,14.623975,-61.078630,0,10451,0
10452,VIEUMOU,Vieux Moulin Pv,,14.626358,-61.078993,1,,0
20524,1401,Vieux Moulin Pv,,14.626567,-61.079024,0,10452,0
10453,JARDIN,Les Jardins Pv,,14.628894,-61.080019,1,,0
20525,1402,Les Jardins Pv,,14.628725,-61.080022,0,10453,0
10454,DIDIER,Didier Pv,,14.631412,-61.079905,1,,0
20526,1403,Didier Pv,,14.631682,-61.079907,0,10454,0
10455,DIDIER2,Didier 2Pv,,14.633419,-61.080734,1,,0
20527,1404,Didier 2Pv,,14.633584,-61.080756,0,10455,0
10456,DIDIER3,Didier 3Pv,,14.635391,-61.081527,1,,0
20528,1405,Didier 3Pv,,14.635211,-61.081483,0,10456,0
10457,MOCO,Croisee Morne Venté Pv,,14.638092,-61.082028,1,,0
20529,1406,Croisee Morne Venté Pv,,14.638092,-61.082028,0,10457,0
20530,1407,L'abeille Pv,,14.640247,-61.083112,0,10458,0
10459,DIDIER4,Didier 4Pv,,14.641330,-61.084199,1,,0
20531,1408,Didier 4Pv,,14.641218,-61.083958,0,10459,0
21131,2284,Didier 4Pv,,14.641442,-61.084440,0,10459,0
21134,2287,Didier 3Pv,,14.635571,-61.081571,0,10456,0
21135,2288,Didier 2Pv,,14.633254,-61.080712,0,10455,0
21136,2289,Didier Pv,,14.631142,-61.079903,0,10454,0
21137,2290,Les Jardins Pv,,14.629062,-61.080015,0,10453,0
21138,2291,Vieux Moulin Pv,,14.626148,-61.078962,0,10452,0
21139,2292,Zamana Pv,,14.624667,-61.078767,0,10451,0
21140,2293,Union Pv,,14.622281,-61.078210,0,10450,0
21141,2294,Chantecler Pv,,14.620498,-61.077998,0,10449,0
21142,2295,Resid Prefectorale Pv,,14.618180,-61.078102,0,10448,0
21143,2296,Clair Logis Pv,,14.615484,-61.078497,0,10447,0
21144,2297,Vietnam Pv,,14.613218,-61.078443,0,10436,0
21127,2280,Vietnam Pv,,14.610436,-61.079364,0,10436,0
10846,CLARIE,Clairiere Pv,,14.608971,-61.079951,1,,0
21128,2281,Clairiere Pv,,14.608971,-61.079951,0,10846,0
10438,CLAIRI2,Clairiere 2Pv,,14.607214,-61.081041,1,,0
21129,2282,Clairiere 2Pv,,14.607104,-61.081076,0,10438,0
20870,1959,UAG,,14.619800,-61.095200,0,10768,0
21123,2276,Hotel Des Impôts,,14.617235,-61.084300,0,10628,0
10444,CVCLUN,Couvent De Cluny,,14.615213,-61.082658,1,,0
21124,2277,Couvent De Cluny,,14.615060,-61.082507,0,10444,0
10443,CLUNY2,Cluny Pv,,14.613371,-61.080662,1,,0
21125,2278,Cluny Pv,,14.613781,-61.081136,0,10443,0
21126,2279,Cluny Pv,,14.612291,-61.079470,0,10443,0
20505,1379,Vietnam Pv,,14.610436,-61.079364,0,10436,0
10437,CLAIRI,Clairiere Pv,,14.608971,-61.079951,1,,0
20506,1380,Clairiere Pv,,14.608971,-61.079951,0,10437,0
20507,1381,Clairiere 2Pv,,14.607109,-61.081130,0,10438,0
10439,TARTEN,Tartenson Pv,,14.606295,-61.080359,1,,0
20508,1382,Tartenson Pv,,14.606295,-61.080359,0,10439,0
10440,TARTEN2,Tartenson 2Pv,,14.605963,-61.077900,1,,0
20509,1383,Tartenson 2Pv,,14.605963,-61.077900,0,10440,0
10441,TARTEN3,Tartenson 3Pv,,14.606702,-61.078954,1,,0
20510,1384,Tartenson 3Pv,,14.606702,-61.078954,0,10441,0
20511,1385,Clairiere 2Pv,,14.607429,-61.080916,0,10438,0
20512,1386,Vietnam Pv,,14.609259,-61.079724,0,10436,0
10442,CLUNY,Cluny Pv,,14.612525,-61.079958,1,,0
20513,1387,Cluny Pv,,14.612525,-61.079958,0,10442,0
20514,1388,Cluny Pv,,14.614040,-61.081379,0,10443,0
20515,1389,Couvent De Cluny,,14.615366,-61.082809,0,10444,0
10086,CISCODI,Cité Scolaire CITE DILLON,,14.608208,-61.045367,1,,0
20129,1016,Cité Scolaire CITE DILLON,,14.608208,-61.045367,0,10086,0
10042,ADAPEI,Adapeï,,14.609734,-61.045426,1,,0
20043,1017,Adapeï,,14.609734,-61.045426,0,10042,0
22231,1973,St Christophe,,14.611632,-61.052443,0,10161,0
10477,VOIVIL7,Voie De Ville 7Pv,,14.627476,-61.044706,1,,0
20549,1426,Voie De Ville 7Pv,,14.627476,-61.044706,0,10477,0
10476,VOIVIL6,Voie De Ville 6Pv,,14.628051,-61.044154,1,,0
21145,2299,Voie De Ville 6Pv,,14.627973,-61.044259,0,10476,0
10847,VOIVIL8,Voie De Ville 8Pv,,14.628716,-61.043657,1,,0
21146,2300,Voie De Ville 8Pv,,14.628716,-61.043657,0,10847,0
10848,VOIVIL9,Voie De Ville 9Pv,,14.629895,-61.043817,1,,0
21147,2301,Voie De Ville 9Pv,,14.629895,-61.043817,0,10848,0
10473,VOIVIL2,Voie De Ville 2Pv,,14.630427,-61.043019,1,,0
21148,2302,Voie De Ville 2Pv,,14.630483,-61.042852,0,10473,0
10472,VOIVIL1,Voie De Ville 1Pv,,14.630777,-61.042006,1,,0
20544,1421,Voie De Ville 1Pv,,14.630777,-61.042006,0,10472,0
20545,1422,Voie De Ville 2Pv,,14.630371,-61.043187,0,10473,0
10474,VOIVIL4,Voie De Ville 4Pv,,14.631392,-61.043958,1,,0
20546,1423,Voie De Ville 4Pv,,14.631392,-61.043958,0,10474,0
10475,VOIVIL5,Voie De Ville 5Pv,,14.630764,-61.044369,1,,0
20547,1424,Voie De Ville 5Pv,,14.630764,-61.044369,0,10475,0
20548,1425,Voie De Ville 6Pv,,14.628128,-61.044050,0,10476,0
10156,ROUTOUT,Routoutou,,14.599044,-61.053470,1,,0
20212,1080,Routoutou,,14.599044,-61.053470,0,10156,0
10140,NELMAND,Nelson  Mandela,,14.599836,-61.052453,1,,0
20194,1081,Nelson  Mandela,,14.599836,-61.052453,0,10140,0
10147,PECHEUR,Les Pécheurs,,14.601422,-61.051819,1,,0
20203,1082,Les Pécheurs,,14.601422,-61.051819,0,10147,0
10163,TANNERI,LA Tannerie,,14.602049,-61.052124,1,,0
20220,1083,LA Tannerie,,14.602049,-61.052124,0,10163,0
10104,FIDAT,Henri Fidat,,14.604581,-61.053464,1,,0
20151,1084,Henri Fidat,,14.604581,-61.053464,0,10104,0
10108,GRIVES,Les Grives,,14.604260,-61.054722,1,,0
20155,1085,Les Grives,,14.604156,-61.054698,0,10108,0
10076,BAITOUR,Baie Des Tourelles,,14.602791,-61.054628,1,,0
20117,2670,Baie Des Tourelles,,14.602787,-61.054602,0,10076,0
10170,VOLGA1,Volga 1Pv,,14.601035,-61.056104,1,,0
20228,2035,Volga 1Pv,,14.601035,-61.056104,0,10170,0
10171,VOLGA2,Volga 2Pv,,14.602529,-61.056633,1,,0
20229,2036,Volga 2Pv,,14.602529,-61.056633,0,10171,0
10172,VOLGA8,Volga 8Pv,,14.606744,-61.056737,1,,0
20230,2037,Volga 8Pv,,14.606744,-61.056737,0,10172,0
20132,1070,Gare Clemenceau,,14.607136,-61.071085,0,10088,0
10141,ODECOUP,Eaux Découpées,,14.608027,-61.055058,1,,0
20195,1071,Eaux Découpées,,14.608027,-61.055058,0,10141,0
10162,STPAUL,St Paul,,14.605947,-61.054248,1,,0
20219,1072,St Paul,,14.605947,-61.054248,0,10162,0
20156,1073,Les Grives,,14.604365,-61.054746,0,10108,0
20118,1074,Baie Des Tourelles,,14.602795,-61.054653,0,10076,0
10100,EDOUAJ,Edouard Jeanne,,14.601032,-61.056056,1,,0
20147,1075,Edouard Jeanne,,14.601032,-61.056056,0,10100,0
10099,EDFVOL,Edf,,14.598300,-61.052710,1,,0
20146,1902,Edf,,14.598300,-61.052710,0,10099,0
10148,PLAMAND,Place Des Amandiers,,14.597829,-61.056130,1,,0
20204,1078,Place Des Amandiers,,14.597829,-61.056130,0,10148,0
10081,BOULOD,Boulodrome,,14.598013,-61.054927,1,,0
20123,1079,Boulodrome,,14.598013,-61.054927,0,10081,0
10574,ZADI,ZA De Dillon,,14.616798,-61.051289,1,,0
20919,2058,ZA De Dillon,,14.616798,-61.051289,0,10574,0
10922,SIANO,Impasse Siano,,14.618690,-61.052230,1,,0
21472,2756,Impasse Siano,,14.618690,-61.052230,0,10922,0
10923,24EDOUA,24 Edouard-Edouarsi,,14.618490,-61.053370,1,,0
21473,2757,24 Edouard-Edouarsi,,14.618490,-61.053370,0,10923,0
10196,CALL,Mac Donalds,,14.616740,-61.052740,1,,0
21474,2758,Mac Donalds,,14.615100,-61.052320,0,10196,0
10924,HEVI,Henrick Villette,,14.612230,-61.056310,1,,0
21475,2763,Henrick Villette,,14.612230,-61.056310,0,10924,0
10925,TOQUAD,Toquade,,14.612660,-61.057280,1,,0
21476,2764,Toquade,,14.612660,-61.057280,0,10925,0
10926,BATMTOQ,Batiment M toquade,,14.614150,-61.057070,1,,0
21477,2765,Batiment M toquade,,14.614150,-61.057070,0,10926,0
10804,RENEV2,Reneville 2Pv,,14.615891,-61.056405,1,,0
20920,2063,Reneville 2Pv,,14.615891,-61.056405,0,10804,0
10805,RENEV1,Reneville 1Pv,,14.614976,-61.058273,1,,0
20921,2064,Reneville 1Pv,,14.614976,-61.058273,0,10805,0
10206,DORS1,Reneville 1Pv,,14.615211,-61.057957,1,,0
20272,1134,Reneville 1Pv,,14.615211,-61.057957,0,10206,0
10207,DORS2,Reneville 2Pv,,14.615886,-61.056517,1,,0
20273,1135,Reneville 2Pv,,14.615886,-61.056517,0,10207,0
10208,DORS3,Reneville 3Pv,,14.614484,-61.056837,1,,0
20274,1136,Reneville 3Pv,,14.614484,-61.056837,0,10208,0
10209,DORS4,Reneville 4Pv,,14.612848,-61.057238,1,,0
20275,1137,Reneville 4Pv,,14.612848,-61.057238,0,10209,0
10210,RENE1,Reneville 5Pv,,14.612127,-61.056097,1,,0
20276,1138,Reneville 5Pv,,14.612127,-61.056097,0,10210,0
10211,RENE2,Reneville 6Pv,,14.613290,-61.055369,1,,0
20277,1139,Reneville 6Pv,,14.613290,-61.055369,0,10211,0
10212,RENE3,Reneville 7Pv,,14.613695,-61.053762,1,,0
20278,1140,Reneville 7Pv,,14.613695,-61.053762,0,10212,0
10213,MACDO,Mc DO,,14.615300,-61.052400,1,,0
20279,1141,Mc DO,,14.615300,-61.052400,0,10213,0
10214,RAVANEL,Ecole Ravanéla,,14.616300,-61.053100,1,,0
20280,1142,Ecole Ravanéla,,14.616300,-61.053100,0,10214,0
10194,POMPOM,Les Pompons,,14.617500,-61.053100,1,,0
20259,1119,Les Pompons,,14.617500,-61.053100,0,10194,0
20261,1121,Mac Donalds,,14.618381,-61.053159,0,10196,0
10197,LECOUI,Le Coui,,14.618728,-61.052271,1,,0
20262,1122,Le Coui,,14.618728,-61.052271,0,10197,0
10198,ZADILLO,Za Dillon Pv,,14.617074,-61.051317,1,,0
20263,1123,Za Dillon Pv,,14.617074,-61.051317,0,10198,0
10199,QUENETI,Quenetier,,14.618105,-61.050533,1,,0
20264,1124,Quenetier,,14.618105,-61.050533,0,10199,0
10200,MONTGE1,Montgerald 1Pv,,14.619119,-61.050179,1,,0
20265,1125,Montgerald 1Pv,,14.619119,-61.050179,0,10200,0
10201,MONTGE2,Montgerald 2Pv,,14.619924,-61.051027,1,,0
20266,1126,Montgerald 2Pv,,14.619924,-61.051027,0,10201,0
10263,TRCI,Trenelle Terminus Pv,,14.624255,-61.068621,1,,0
20330,1195,Trenelle Terminus Pv,,14.624255,-61.068621,0,10263,0
10262,TRENEL8,Trenelle 8Pv,,14.623819,-61.067721,1,,0
20962,2106,Trenelle 8Pv,,14.623805,-61.067685,0,10262,0
10261,TRENEL7,Trenelle 7Pv,,14.622507,-61.067204,1,,0
20963,2107,Trenelle 7Pv,,14.622447,-61.067132,0,10261,0
10260,TRENEL6,Trenelle 6Pv,,14.621329,-61.067329,1,,0
20964,2108,Trenelle 6Pv,,14.621210,-61.067490,0,10260,0
10259,TRENEL5,Trenelle 5Pv,,14.620254,-61.067540,1,,0
20965,2109,Trenelle 5Pv,,14.620190,-61.067545,0,10259,0
10258,TRENEL4,Trenelle 4Pv,,14.618577,-61.068307,1,,0
20966,2110,Trenelle 4Pv,,14.618506,-61.068381,0,10258,0
10257,TRENEL3,Trenelle 3PV,,14.617782,-61.069206,1,,0
20967,2111,Trenelle 3PV,,14.617782,-61.069206,0,10257,0
10817,TRENEL9,Trenelle 9Pv,,14.616559,-61.069975,1,,0
20968,2112,Trenelle 9Pv,,14.616559,-61.069975,0,10817,0
10819,RESEVAS,Résidence Evasion,,14.611943,-61.071314,1,,0
20971,2115,Résidence Evasion,,14.611943,-61.071314,0,10819,0
20320,1185,Abbe Gregroire,,14.611855,-61.071378,0,10253,0
20321,1186,Place Du 22 Mai,,14.613224,-61.070719,0,10254,0
10255,ECOLTR1,Ecole Trenelle Pv1,,14.615091,-61.070021,1,,0
20322,1187,Ecole Trenelle Pv1,,14.615091,-61.070021,0,10255,0
10256,TRENEL2,Trenelle 2Pv,,14.616417,-61.069171,1,,0
20323,1188,Trenelle 2Pv,,14.616417,-61.069171,0,10256,0
20325,1190,Trenelle 4Pv,,14.618648,-61.068232,0,10258,0
20326,1191,Trenelle 5Pv,,14.620318,-61.067535,0,10259,0
20327,1192,Trenelle 6Pv,,14.621449,-61.067167,0,10260,0
20328,1193,Trenelle 7Pv,,14.622566,-61.067275,0,10261,0
20329,1194,Trenelle 8Pv,,14.623834,-61.067757,0,10262,0
10290,FERM,La Ferme 7Pv,,14.633613,-61.051323,1,,0
20357,1228,La Ferme 7Pv,,14.633613,-61.051323,0,10290,0
10289,FERME6,La Ferme 6Pv,,14.635295,-61.050819,1,,0
20978,2128,La Ferme 6Pv,,14.635275,-61.050694,0,10289,0
10288,FERME5,La Ferme 5Pv,,14.636394,-61.050799,1,,0
20979,2129,La Ferme 5Pv,,14.636467,-61.050923,0,10288,0
10287,FERME4,La Ferme 4Pv,,14.636894,-61.052017,1,,0
20980,2130,La Ferme 4Pv,,14.636754,-61.051838,0,10287,0
10286,FERME3,La Ferme 3Pv,,14.637546,-61.053500,1,,0
20981,2131,La Ferme 3Pv,,14.637494,-61.053603,0,10286,0
10285,FERME2,La Ferme 2Pv,,14.637417,-61.054586,1,,0
20982,2132,La Ferme 2Pv,,14.637436,-61.054660,0,10285,0
10284,FERME1,La Ferme Pv,,14.636131,-61.055831,1,,0
20983,2133,La Ferme Pv,,14.636009,-61.055870,0,10284,0
10279,AMEP2,L'amep 2pv,,14.628105,-61.057622,1,,0
20988,2138,L'amep 2pv,,14.628084,-61.057441,0,10279,0
20346,1217,L'amep 2pv,,14.628126,-61.057803,0,10279,0
20351,1222,La Ferme Pv,,14.636254,-61.055793,0,10284,0
20352,1223,La Ferme 2Pv,,14.637399,-61.054513,0,10285,0
20353,1224,La Ferme 3Pv,,14.637598,-61.053398,0,10286,0
20354,1225,La Ferme 4Pv,,14.637034,-61.052196,0,10287,0
20355,1226,La Ferme 5Pv,,14.636322,-61.050676,0,10288,0
20356,1227,La Ferme 6Pv,,14.635314,-61.050944,0,10289,0
10461,IRAVM,IRAVM,,14.610464,-61.073843,1,,0
20533,1410,IRAVM,,14.610464,-61.073843,0,10461,0
10462,POLNAT,Police Nationale,,14.610976,-61.074692,1,,0
20534,1411,Police Nationale,,14.610976,-61.074692,0,10462,0
10463,HPCI,Direction Petite Enfance,,14.610758,-61.074820,1,,0
20535,1412,Direction Petite Enfance,,14.610758,-61.074820,0,10463,0
10464,CHAPE,Rue de la Chapelle,,14.611544,-61.074657,1,,0
20536,1413,Rue de la Chapelle,,14.611544,-61.074657,0,10464,0
10465,CERFVOL,Passage Cerf Volant,,14.612362,-61.075653,1,,0
20537,1414,Passage Cerf Volant,,14.612362,-61.075653,0,10465,0
10466,LINVAL,Juvénil Linval,,14.613349,-61.075493,1,,0
20538,1415,Juvénil Linval,,14.613349,-61.075493,0,10466,0
10467,SAVIGNY,Célestin Savigny,,14.614178,-61.074986,1,,0
20539,1416,Célestin Savigny,,14.614178,-61.074986,0,10467,0
10468,POMCAN,Ecole Pomme Cannelle,,14.615289,-61.074750,1,,0
20540,1417,Ecole Pomme Cannelle,,14.615289,-61.074750,0,10468,0
10751,23LUMI,23 Rue Lumière,,14.615030,-61.074030,1,,0
20852,1939,23 Rue Lumière,,14.615030,-61.074030,0,10751,0
10752,MARDAY,Mardayé,,14.613590,-61.073020,1,,0
20853,1940,Mardayé,,14.613590,-61.073020,0,10752,0
10957,ROSE,LES ROSEAUX,,14.613021,-60.985265,1,,0
21536,ROSEAUX,LES ROSEAUX,,14.613021,-60.985265,0,10957,0
10793,ZABCA,Bois Carré,,14.623530,-60.989850,1,,0
20895,1999,Bois Carré,,14.623530,-60.989850,0,10793,0
10929,ZOBDQU,Zobda Quitman,,14.612130,-61.002080,1,,0
21484,2781,Zobda Quitman,,14.612130,-61.002080,0,10929,0
10781,NDAME,Notre Dame,,14.615300,-61.001880,1,,0
20883,1983,Notre Dame,,14.615300,-61.001880,0,10781,0
21290,2530,Gare Petit Manoir,,14.617134,-60.995913,0,10500,0
10930,GIPV,Pont Vert,,14.606560,-60.998600,1,,0
21485,2782,Pont Vert,,14.606560,-60.998600,0,10930,0
10933,GAIGN,Gaigneron,,14.602890,-60.997540,1,,0
21488,2785,Gaigneron,,14.602890,-60.997540,0,10933,0
10931,LATHY,Lareinthy,,14.597660,-60.996560,1,,0
21486,2783,Lareinthy,,14.597660,-60.996560,0,10931,0
10932,TROCHA,Trou au chat,,14.608420,-61.000210,1,,0
21487,2784,Trou au chat,,14.608420,-61.000210,0,10932,0
